source,relation,target,confidence,source_ref
element:H,is_chemical_element,knowledge:periodic_table,reference,IUPAC
element:He,is_chemical_element,knowledge:periodic_table,reference,IUPAC
element:Li,is_chemical_element,knowledge:periodic_table,reference,IUPAC
element:C,is_chemical_element,knowledge:periodic_table,reference,IUPAC
element:N,is_chemical_element,knowledge:periodic_table,reference,IUPAC
element:O,is_chemical_element,knowledge:periodic_table,reference,IUPAC
element:Na,is_chemical_element,knowledge:periodic_table,reference,IUPAC
element:Mg,is_chemical_element,knowledge:periodic_table,reference,IUPAC
element:Al,is_chemical_element,knowledge:periodic_table,reference,IUPAC
element:Si,is_chemical_element,knowledge:periodic_table,reference,IUPAC
element:P,is_chemical_element,knowledge:periodic_table,reference,IUPAC
element:S,is_chemical_element,knowledge:periodic_table,reference,IUPAC
element:Cl,is_chemical_element,knowledge:periodic_table,reference,IUPAC
element:K,is_chemical_element,knowledge:periodic_table,reference,IUPAC
element:Ca,is_chemical_element,knowledge:periodic_table,reference,IUPAC
element:Fe,is_chemical_element,knowledge:periodic_table,reference,IUPAC
element:Co,is_chemical_element,knowledge:periodic_table,reference,IUPAC
element:Ni,is_chemical_element,knowledge:periodic_table,reference,IUPAC
element:Cu,is_chemical_element,knowledge:periodic_table,reference,IUPAC
element:Zn,is_chemical_element,knowledge:periodic_table,reference,IUPAC
element:Ga,is_chemical_element,knowledge:periodic_table,reference,IUPAC
element:Ge,is_chemical_element,knowledge:periodic_table,reference,IUPAC
element:As,is_chemical_element,knowledge:periodic_table,reference,IUPAC
element:Se,is_chemical_element,knowledge:periodic_table,reference,IUPAC
element:Br,is_chemical_element,knowledge:periodic_table,reference,IUPAC
element:Ag,is_chemical_element,knowledge:periodic_table,reference,IUPAC
element:In,is_chemical_element,knowledge:periodic_table,reference,IUPAC
element:Sn,is_chemical_element,knowledge:periodic_table,reference,IUPAC
element:I,is_chemical_element,knowledge:periodic_table,reference,IUPAC
element:Xe,is_chemical_element,knowledge:periodic_table,reference,IUPAC
element:Cs,is_chemical_element,knowledge:periodic_table,reference,IUPAC
element:Ba,is_chemical_element,knowledge:periodic_table,reference,IUPAC
element:La,is_chemical_element,knowledge:periodic_table,reference,IUPAC
element:Ce,is_chemical_element,knowledge:periodic_table,reference,IUPAC
element:Nd,is_chemical_element,knowledge:periodic_table,reference,IUPAC
element:W,is_chemical_element,knowledge:periodic_table,reference,IUPAC
element:Pt,is_chemical_element,knowledge:periodic_table,reference,IUPAC
element:Au,is_chemical_element,knowledge:periodic_table,reference,IUPAC
element:Hg,is_chemical_element,knowledge:periodic_table,reference,IUPAC
element:Pb,is_chemical_element,knowledge:periodic_table,reference,IUPAC
element:Bi,is_chemical_element,knowledge:periodic_table,reference,IUPAC
element:Th,is_chemical_element,knowledge:periodic_table,reference,IUPAC
element:U,is_chemical_element,knowledge:periodic_table,reference,IUPAC
element:C,forms,material:graphene,conceptual,internal_schema
element:C,forms,material:carbon_nanotube,conceptual,internal_schema
element:Au,forms,material:gold_nanoparticle,conceptual,internal_schema
element:Ag,forms,material:silver_nanoparticle,conceptual,internal_schema
element:Si,forms,material:silicon_nanoparticle,conceptual,internal_schema
element:Ti,forms,material:titanium_dioxide_nanoparticle,conceptual,internal_schema
element:C,forms,material:carbon_fiber,conceptual,internal_schema
element:Fe,component_of,material:high_entropy_alloy,conceptual,internal_schema
element:Ni,component_of,material:high_entropy_alloy,conceptual,internal_schema
element:Co,component_of,material:high_entropy_alloy,conceptual,internal_schema
element:Li,relevant_to,concept:advanced_batteries,conceptual,internal_schema
material:solid_electrolyte,relevant_to,concept:advanced_batteries,conceptual,internal_schema
material:perovskite,relevant_to,concept:advanced_batteries,conceptual,internal_schema
material:perovskite,relevant_to,concept:photonic_computing,conceptual,internal_schema
material:gold_nanoparticle,has_nanoscale_properties,knowledge:nanomaterial_metrology,reference,NIST
material:silver_nanoparticle,has_nanoscale_properties,knowledge:nanomaterial_metrology,reference,NIST
material:silicon_nanoparticle,has_nanoscale_properties,knowledge:nanomaterial_metrology,reference,NIST
material:titanium_dioxide_nanoparticle,has_nanoscale_properties,knowledge:nanomaterial_metrology,reference,NIST
material:carbon_nanotube,has_nanoscale_properties,knowledge:nanomaterial_metrology,reference,NIST
robot:humanoid_robot,uses,concept:autonomous_robotics,conceptual,internal_schema
robot:quadruped_robot,uses,concept:autonomous_robotics,conceptual,internal_schema
robot:industrial_arm,uses,concept:autonomous_robotics,conceptual,internal_schema
robot:mobile_manipulator,uses,concept:autonomous_robotics,conceptual,internal_schema
robot:space_rover,uses,concept:autonomous_robotics,conceptual,internal_schema
robot:swarm_robot,uses,concept:autonomous_robotics,conceptual,internal_schema
robot:soft_robot,uses,concept:autonomous_robotics,conceptual,internal_schema
robot:medical_robot,uses,concept:autonomous_robotics,conceptual,internal_schema
robot:autonomous_vehicle,uses,concept:autonomous_robotics,conceptual,internal_schema
robot:underwater_robot,uses,concept:autonomous_robotics,conceptual,internal_schema
robot:space_rover,relevant_to,concept:space_robotics,conceptual,internal_schema
robot:swarm_robot,relevant_to,concept:autonomous_robotics,conceptual,internal_schema
suit:industrial_exoskeleton,is,concept:human_robot_interaction,conceptual,internal_schema
suit:rescue_exosuit,is,concept:human_robot_interaction,conceptual,internal_schema
suit:medical_assist_exosuit,is,concept:human_robot_interaction,conceptual,internal_schema
suit:space_mobility_suit,is,concept:human_robot_interaction,conceptual,internal_schema
suit:construction_assist_suit,is,concept:human_robot_interaction,conceptual,internal_schema
particle:positron,antiparticle_of,particle:electron,reference,PDG-style conceptual
particle:antiproton,antiparticle_of,particle:proton,reference,PDG-style conceptual
particle:antineutron,antiparticle_of,particle:neutron,reference,PDG-style conceptual
particle:electron,participates_in,concept:quantum_computing,conceptual,internal_schema
particle:photon,relevant_to,concept:photonic_computing,conceptual,internal_schema
