asset_id,asset_ref,format,license,source_url,attribution_required,status
gear_0001,asset://gear/001,glTF/GLB,internal-placeholder,,False,placeholder
shaft_0002,asset://shaft/001,glTF/GLB,internal-placeholder,,False,placeholder
bearing_0003,asset://bearing/001,glTF/GLB,internal-placeholder,,False,placeholder
pulley_0004,asset://pulley/001,glTF/GLB,internal-placeholder,,False,placeholder
lever_0005,asset://lever/001,glTF/GLB,internal-placeholder,,False,placeholder
spring_0006,asset://spring/001,glTF/GLB,internal-placeholder,,False,placeholder
piston_0007,asset://piston/001,glTF/GLB,internal-placeholder,,False,placeholder
valve_0008,asset://valve/001,glTF/GLB,internal-placeholder,,False,placeholder
pump_0009,asset://pump/001,glTF/GLB,internal-placeholder,,False,placeholder
fan_0010,asset://fan/001,glTF/GLB,internal-placeholder,,False,placeholder
wheel_0011,asset://wheel/001,glTF/GLB,internal-placeholder,,False,placeholder
bracket_0012,asset://bracket/001,glTF/GLB,internal-placeholder,,False,placeholder
battery_0013,asset://battery/001,glTF/GLB,internal-placeholder,,False,placeholder
resistor_0014,asset://resistor/001,glTF/GLB,internal-placeholder,,False,placeholder
capacitor_0015,asset://capacitor/001,glTF/GLB,internal-placeholder,,False,placeholder
inductor_0016,asset://inductor/001,glTF/GLB,internal-placeholder,,False,placeholder
diode_0017,asset://diode/001,glTF/GLB,internal-placeholder,,False,placeholder
led_0018,asset://led/001,glTF/GLB,internal-placeholder,,False,placeholder
switch_0019,asset://switch/001,glTF/GLB,internal-placeholder,,False,placeholder
relay_0020,asset://relay/001,glTF/GLB,internal-placeholder,,False,placeholder
transformer_0021,asset://transformer/001,glTF/GLB,internal-placeholder,,False,placeholder
fuse_0022,asset://fuse/001,glTF/GLB,internal-placeholder,,False,placeholder
motor_0023,asset://motor/001,glTF/GLB,internal-placeholder,,False,placeholder
generator_0024,asset://generator/001,glTF/GLB,internal-placeholder,,False,placeholder
microcontroller_0025,asset://microcontroller/001,glTF/GLB,internal-placeholder,,False,placeholder
sensor_0026,asset://sensor/001,glTF/GLB,internal-placeholder,,False,placeholder
breadboard_0027,asset://breadboard/001,glTF/GLB,internal-placeholder,,False,placeholder
op_amp_0028,asset://op_amp/001,glTF/GLB,internal-placeholder,,False,placeholder
logic_gate_0029,asset://logic_gate/001,glTF/GLB,internal-placeholder,,False,placeholder
adc_0030,asset://adc/001,glTF/GLB,internal-placeholder,,False,placeholder
dac_0031,asset://dac/001,glTF/GLB,internal-placeholder,,False,placeholder
display_0032,asset://display/001,glTF/GLB,internal-placeholder,,False,placeholder
encoder_0033,asset://encoder/001,glTF/GLB,internal-placeholder,,False,placeholder
transceiver_0034,asset://transceiver/001,glTF/GLB,internal-placeholder,,False,placeholder
servo_0035,asset://servo/001,glTF/GLB,internal-placeholder,,False,placeholder
actuator_0036,asset://actuator/001,glTF/GLB,internal-placeholder,,False,placeholder
robot_joint_0037,asset://robot_joint/001,glTF/GLB,internal-placeholder,,False,placeholder
gripper_0038,asset://gripper/001,glTF/GLB,internal-placeholder,,False,placeholder
wheel_0039,asset://wheel/001,glTF/GLB,internal-placeholder,,False,placeholder
lidar_0040,asset://lidar/001,glTF/GLB,internal-placeholder,,False,placeholder
imu_0041,asset://imu/001,glTF/GLB,internal-placeholder,,False,placeholder
motor_driver_0042,asset://motor_driver/001,glTF/GLB,internal-placeholder,,False,placeholder
robot_arm_segment_0043,asset://robot_arm_segment/001,glTF/GLB,internal-placeholder,,False,placeholder
controller_0044,asset://controller/001,glTF/GLB,internal-placeholder,,False,placeholder
solar_panel_0045,asset://solar_panel/001,glTF/GLB,internal-placeholder,,False,placeholder
wind_turbine_0046,asset://wind_turbine/001,glTF/GLB,internal-placeholder,,False,placeholder
inverter_0047,asset://inverter/001,glTF/GLB,internal-placeholder,,False,placeholder
generator_0048,asset://generator/001,glTF/GLB,internal-placeholder,,False,placeholder
fuel_cell_0049,asset://fuel_cell/001,glTF/GLB,internal-placeholder,,False,placeholder
charge_controller_0050,asset://charge_controller/001,glTF/GLB,internal-placeholder,,False,placeholder
energy_meter_0051,asset://energy_meter/001,glTF/GLB,internal-placeholder,,False,placeholder
atom_0052,asset://atom/001,glTF/GLB,internal-placeholder,,False,placeholder
molecule_0053,asset://molecule/001,glTF/GLB,internal-placeholder,,False,placeholder
magnet_0054,asset://magnet/001,glTF/GLB,internal-placeholder,,False,placeholder
coil_0055,asset://coil/001,glTF/GLB,internal-placeholder,,False,placeholder
pendulum_0056,asset://pendulum/001,glTF/GLB,internal-placeholder,,False,placeholder
lens_0057,asset://lens/001,glTF/GLB,internal-placeholder,,False,placeholder
prism_0058,asset://prism/001,glTF/GLB,internal-placeholder,,False,placeholder
fluid_container_0059,asset://fluid_container/001,glTF/GLB,internal-placeholder,,False,placeholder
heart_0060,asset://heart/001,glTF/GLB,internal-placeholder,,False,placeholder
lung_0061,asset://lung/001,glTF/GLB,internal-placeholder,,False,placeholder
neuron_0062,asset://neuron/001,glTF/GLB,internal-placeholder,,False,placeholder
cell_0063,asset://cell/001,glTF/GLB,internal-placeholder,,False,placeholder
dna_0064,asset://dna/001,glTF/GLB,internal-placeholder,,False,placeholder
ribosome_0065,asset://ribosome/001,glTF/GLB,internal-placeholder,,False,placeholder
blood_vessel_0066,asset://blood_vessel/001,glTF/GLB,internal-placeholder,,False,placeholder
eye_0067,asset://eye/001,glTF/GLB,internal-placeholder,,False,placeholder
server_0068,asset://server/001,glTF/GLB,internal-placeholder,,False,placeholder
router_0069,asset://router/001,glTF/GLB,internal-placeholder,,False,placeholder
network_switch_0070,asset://network_switch/001,glTF/GLB,internal-placeholder,,False,placeholder
database_0071,asset://database/001,glTF/GLB,internal-placeholder,,False,placeholder
client_0072,asset://client/001,glTF/GLB,internal-placeholder,,False,placeholder
api_gateway_0073,asset://api_gateway/001,glTF/GLB,internal-placeholder,,False,placeholder
queue_0074,asset://queue/001,glTF/GLB,internal-placeholder,,False,placeholder
cache_0075,asset://cache/001,glTF/GLB,internal-placeholder,,False,placeholder
load_balancer_0076,asset://load_balancer/001,glTF/GLB,internal-placeholder,,False,placeholder
container_0077,asset://container/001,glTF/GLB,internal-placeholder,,False,placeholder
firewall_0078,asset://firewall/001,glTF/GLB,internal-placeholder,,False,placeholder
message_broker_0079,asset://message_broker/001,glTF/GLB,internal-placeholder,,False,placeholder
gear_0080,asset://gear/002,glTF/GLB,internal-placeholder,,False,placeholder
shaft_0081,asset://shaft/002,glTF/GLB,internal-placeholder,,False,placeholder
bearing_0082,asset://bearing/002,glTF/GLB,internal-placeholder,,False,placeholder
pulley_0083,asset://pulley/002,glTF/GLB,internal-placeholder,,False,placeholder
lever_0084,asset://lever/002,glTF/GLB,internal-placeholder,,False,placeholder
spring_0085,asset://spring/002,glTF/GLB,internal-placeholder,,False,placeholder
piston_0086,asset://piston/002,glTF/GLB,internal-placeholder,,False,placeholder
valve_0087,asset://valve/002,glTF/GLB,internal-placeholder,,False,placeholder
pump_0088,asset://pump/002,glTF/GLB,internal-placeholder,,False,placeholder
fan_0089,asset://fan/002,glTF/GLB,internal-placeholder,,False,placeholder
wheel_0090,asset://wheel/002,glTF/GLB,internal-placeholder,,False,placeholder
bracket_0091,asset://bracket/002,glTF/GLB,internal-placeholder,,False,placeholder
battery_0092,asset://battery/002,glTF/GLB,internal-placeholder,,False,placeholder
resistor_0093,asset://resistor/002,glTF/GLB,internal-placeholder,,False,placeholder
capacitor_0094,asset://capacitor/002,glTF/GLB,internal-placeholder,,False,placeholder
inductor_0095,asset://inductor/002,glTF/GLB,internal-placeholder,,False,placeholder
diode_0096,asset://diode/002,glTF/GLB,internal-placeholder,,False,placeholder
led_0097,asset://led/002,glTF/GLB,internal-placeholder,,False,placeholder
switch_0098,asset://switch/002,glTF/GLB,internal-placeholder,,False,placeholder
relay_0099,asset://relay/002,glTF/GLB,internal-placeholder,,False,placeholder
transformer_0100,asset://transformer/002,glTF/GLB,internal-placeholder,,False,placeholder
fuse_0101,asset://fuse/002,glTF/GLB,internal-placeholder,,False,placeholder
motor_0102,asset://motor/002,glTF/GLB,internal-placeholder,,False,placeholder
generator_0103,asset://generator/002,glTF/GLB,internal-placeholder,,False,placeholder
microcontroller_0104,asset://microcontroller/002,glTF/GLB,internal-placeholder,,False,placeholder
sensor_0105,asset://sensor/002,glTF/GLB,internal-placeholder,,False,placeholder
breadboard_0106,asset://breadboard/002,glTF/GLB,internal-placeholder,,False,placeholder
op_amp_0107,asset://op_amp/002,glTF/GLB,internal-placeholder,,False,placeholder
logic_gate_0108,asset://logic_gate/002,glTF/GLB,internal-placeholder,,False,placeholder
adc_0109,asset://adc/002,glTF/GLB,internal-placeholder,,False,placeholder
dac_0110,asset://dac/002,glTF/GLB,internal-placeholder,,False,placeholder
display_0111,asset://display/002,glTF/GLB,internal-placeholder,,False,placeholder
encoder_0112,asset://encoder/002,glTF/GLB,internal-placeholder,,False,placeholder
transceiver_0113,asset://transceiver/002,glTF/GLB,internal-placeholder,,False,placeholder
servo_0114,asset://servo/002,glTF/GLB,internal-placeholder,,False,placeholder
actuator_0115,asset://actuator/002,glTF/GLB,internal-placeholder,,False,placeholder
robot_joint_0116,asset://robot_joint/002,glTF/GLB,internal-placeholder,,False,placeholder
gripper_0117,asset://gripper/002,glTF/GLB,internal-placeholder,,False,placeholder
wheel_0118,asset://wheel/002,glTF/GLB,internal-placeholder,,False,placeholder
lidar_0119,asset://lidar/002,glTF/GLB,internal-placeholder,,False,placeholder
imu_0120,asset://imu/002,glTF/GLB,internal-placeholder,,False,placeholder
motor_driver_0121,asset://motor_driver/002,glTF/GLB,internal-placeholder,,False,placeholder
robot_arm_segment_0122,asset://robot_arm_segment/002,glTF/GLB,internal-placeholder,,False,placeholder
controller_0123,asset://controller/002,glTF/GLB,internal-placeholder,,False,placeholder
solar_panel_0124,asset://solar_panel/002,glTF/GLB,internal-placeholder,,False,placeholder
wind_turbine_0125,asset://wind_turbine/002,glTF/GLB,internal-placeholder,,False,placeholder
inverter_0126,asset://inverter/002,glTF/GLB,internal-placeholder,,False,placeholder
generator_0127,asset://generator/002,glTF/GLB,internal-placeholder,,False,placeholder
fuel_cell_0128,asset://fuel_cell/002,glTF/GLB,internal-placeholder,,False,placeholder
charge_controller_0129,asset://charge_controller/002,glTF/GLB,internal-placeholder,,False,placeholder
energy_meter_0130,asset://energy_meter/002,glTF/GLB,internal-placeholder,,False,placeholder
atom_0131,asset://atom/002,glTF/GLB,internal-placeholder,,False,placeholder
molecule_0132,asset://molecule/002,glTF/GLB,internal-placeholder,,False,placeholder
magnet_0133,asset://magnet/002,glTF/GLB,internal-placeholder,,False,placeholder
coil_0134,asset://coil/002,glTF/GLB,internal-placeholder,,False,placeholder
pendulum_0135,asset://pendulum/002,glTF/GLB,internal-placeholder,,False,placeholder
lens_0136,asset://lens/002,glTF/GLB,internal-placeholder,,False,placeholder
prism_0137,asset://prism/002,glTF/GLB,internal-placeholder,,False,placeholder
fluid_container_0138,asset://fluid_container/002,glTF/GLB,internal-placeholder,,False,placeholder
heart_0139,asset://heart/002,glTF/GLB,internal-placeholder,,False,placeholder
lung_0140,asset://lung/002,glTF/GLB,internal-placeholder,,False,placeholder
neuron_0141,asset://neuron/002,glTF/GLB,internal-placeholder,,False,placeholder
cell_0142,asset://cell/002,glTF/GLB,internal-placeholder,,False,placeholder
dna_0143,asset://dna/002,glTF/GLB,internal-placeholder,,False,placeholder
ribosome_0144,asset://ribosome/002,glTF/GLB,internal-placeholder,,False,placeholder
blood_vessel_0145,asset://blood_vessel/002,glTF/GLB,internal-placeholder,,False,placeholder
eye_0146,asset://eye/002,glTF/GLB,internal-placeholder,,False,placeholder
server_0147,asset://server/002,glTF/GLB,internal-placeholder,,False,placeholder
router_0148,asset://router/002,glTF/GLB,internal-placeholder,,False,placeholder
network_switch_0149,asset://network_switch/002,glTF/GLB,internal-placeholder,,False,placeholder
database_0150,asset://database/002,glTF/GLB,internal-placeholder,,False,placeholder
client_0151,asset://client/002,glTF/GLB,internal-placeholder,,False,placeholder
api_gateway_0152,asset://api_gateway/002,glTF/GLB,internal-placeholder,,False,placeholder
queue_0153,asset://queue/002,glTF/GLB,internal-placeholder,,False,placeholder
cache_0154,asset://cache/002,glTF/GLB,internal-placeholder,,False,placeholder
load_balancer_0155,asset://load_balancer/002,glTF/GLB,internal-placeholder,,False,placeholder
container_0156,asset://container/002,glTF/GLB,internal-placeholder,,False,placeholder
firewall_0157,asset://firewall/002,glTF/GLB,internal-placeholder,,False,placeholder
message_broker_0158,asset://message_broker/002,glTF/GLB,internal-placeholder,,False,placeholder
gear_0159,asset://gear/003,glTF/GLB,internal-placeholder,,False,placeholder
shaft_0160,asset://shaft/003,glTF/GLB,internal-placeholder,,False,placeholder
bearing_0161,asset://bearing/003,glTF/GLB,internal-placeholder,,False,placeholder
pulley_0162,asset://pulley/003,glTF/GLB,internal-placeholder,,False,placeholder
lever_0163,asset://lever/003,glTF/GLB,internal-placeholder,,False,placeholder
spring_0164,asset://spring/003,glTF/GLB,internal-placeholder,,False,placeholder
piston_0165,asset://piston/003,glTF/GLB,internal-placeholder,,False,placeholder
valve_0166,asset://valve/003,glTF/GLB,internal-placeholder,,False,placeholder
pump_0167,asset://pump/003,glTF/GLB,internal-placeholder,,False,placeholder
fan_0168,asset://fan/003,glTF/GLB,internal-placeholder,,False,placeholder
wheel_0169,asset://wheel/003,glTF/GLB,internal-placeholder,,False,placeholder
bracket_0170,asset://bracket/003,glTF/GLB,internal-placeholder,,False,placeholder
battery_0171,asset://battery/003,glTF/GLB,internal-placeholder,,False,placeholder
resistor_0172,asset://resistor/003,glTF/GLB,internal-placeholder,,False,placeholder
capacitor_0173,asset://capacitor/003,glTF/GLB,internal-placeholder,,False,placeholder
inductor_0174,asset://inductor/003,glTF/GLB,internal-placeholder,,False,placeholder
diode_0175,asset://diode/003,glTF/GLB,internal-placeholder,,False,placeholder
led_0176,asset://led/003,glTF/GLB,internal-placeholder,,False,placeholder
switch_0177,asset://switch/003,glTF/GLB,internal-placeholder,,False,placeholder
relay_0178,asset://relay/003,glTF/GLB,internal-placeholder,,False,placeholder
transformer_0179,asset://transformer/003,glTF/GLB,internal-placeholder,,False,placeholder
fuse_0180,asset://fuse/003,glTF/GLB,internal-placeholder,,False,placeholder
motor_0181,asset://motor/003,glTF/GLB,internal-placeholder,,False,placeholder
generator_0182,asset://generator/003,glTF/GLB,internal-placeholder,,False,placeholder
microcontroller_0183,asset://microcontroller/003,glTF/GLB,internal-placeholder,,False,placeholder
sensor_0184,asset://sensor/003,glTF/GLB,internal-placeholder,,False,placeholder
breadboard_0185,asset://breadboard/003,glTF/GLB,internal-placeholder,,False,placeholder
op_amp_0186,asset://op_amp/003,glTF/GLB,internal-placeholder,,False,placeholder
logic_gate_0187,asset://logic_gate/003,glTF/GLB,internal-placeholder,,False,placeholder
adc_0188,asset://adc/003,glTF/GLB,internal-placeholder,,False,placeholder
dac_0189,asset://dac/003,glTF/GLB,internal-placeholder,,False,placeholder
display_0190,asset://display/003,glTF/GLB,internal-placeholder,,False,placeholder
encoder_0191,asset://encoder/003,glTF/GLB,internal-placeholder,,False,placeholder
transceiver_0192,asset://transceiver/003,glTF/GLB,internal-placeholder,,False,placeholder
servo_0193,asset://servo/003,glTF/GLB,internal-placeholder,,False,placeholder
actuator_0194,asset://actuator/003,glTF/GLB,internal-placeholder,,False,placeholder
robot_joint_0195,asset://robot_joint/003,glTF/GLB,internal-placeholder,,False,placeholder
gripper_0196,asset://gripper/003,glTF/GLB,internal-placeholder,,False,placeholder
wheel_0197,asset://wheel/003,glTF/GLB,internal-placeholder,,False,placeholder
lidar_0198,asset://lidar/003,glTF/GLB,internal-placeholder,,False,placeholder
imu_0199,asset://imu/003,glTF/GLB,internal-placeholder,,False,placeholder
motor_driver_0200,asset://motor_driver/003,glTF/GLB,internal-placeholder,,False,placeholder
robot_arm_segment_0201,asset://robot_arm_segment/003,glTF/GLB,internal-placeholder,,False,placeholder
controller_0202,asset://controller/003,glTF/GLB,internal-placeholder,,False,placeholder
solar_panel_0203,asset://solar_panel/003,glTF/GLB,internal-placeholder,,False,placeholder
wind_turbine_0204,asset://wind_turbine/003,glTF/GLB,internal-placeholder,,False,placeholder
inverter_0205,asset://inverter/003,glTF/GLB,internal-placeholder,,False,placeholder
generator_0206,asset://generator/003,glTF/GLB,internal-placeholder,,False,placeholder
fuel_cell_0207,asset://fuel_cell/003,glTF/GLB,internal-placeholder,,False,placeholder
charge_controller_0208,asset://charge_controller/003,glTF/GLB,internal-placeholder,,False,placeholder
energy_meter_0209,asset://energy_meter/003,glTF/GLB,internal-placeholder,,False,placeholder
atom_0210,asset://atom/003,glTF/GLB,internal-placeholder,,False,placeholder
molecule_0211,asset://molecule/003,glTF/GLB,internal-placeholder,,False,placeholder
magnet_0212,asset://magnet/003,glTF/GLB,internal-placeholder,,False,placeholder
coil_0213,asset://coil/003,glTF/GLB,internal-placeholder,,False,placeholder
pendulum_0214,asset://pendulum/003,glTF/GLB,internal-placeholder,,False,placeholder
lens_0215,asset://lens/003,glTF/GLB,internal-placeholder,,False,placeholder
prism_0216,asset://prism/003,glTF/GLB,internal-placeholder,,False,placeholder
fluid_container_0217,asset://fluid_container/003,glTF/GLB,internal-placeholder,,False,placeholder
heart_0218,asset://heart/003,glTF/GLB,internal-placeholder,,False,placeholder
lung_0219,asset://lung/003,glTF/GLB,internal-placeholder,,False,placeholder
neuron_0220,asset://neuron/003,glTF/GLB,internal-placeholder,,False,placeholder
cell_0221,asset://cell/003,glTF/GLB,internal-placeholder,,False,placeholder
dna_0222,asset://dna/003,glTF/GLB,internal-placeholder,,False,placeholder
ribosome_0223,asset://ribosome/003,glTF/GLB,internal-placeholder,,False,placeholder
blood_vessel_0224,asset://blood_vessel/003,glTF/GLB,internal-placeholder,,False,placeholder
eye_0225,asset://eye/003,glTF/GLB,internal-placeholder,,False,placeholder
server_0226,asset://server/003,glTF/GLB,internal-placeholder,,False,placeholder
router_0227,asset://router/003,glTF/GLB,internal-placeholder,,False,placeholder
network_switch_0228,asset://network_switch/003,glTF/GLB,internal-placeholder,,False,placeholder
database_0229,asset://database/003,glTF/GLB,internal-placeholder,,False,placeholder
client_0230,asset://client/003,glTF/GLB,internal-placeholder,,False,placeholder
api_gateway_0231,asset://api_gateway/003,glTF/GLB,internal-placeholder,,False,placeholder
queue_0232,asset://queue/003,glTF/GLB,internal-placeholder,,False,placeholder
cache_0233,asset://cache/003,glTF/GLB,internal-placeholder,,False,placeholder
load_balancer_0234,asset://load_balancer/003,glTF/GLB,internal-placeholder,,False,placeholder
container_0235,asset://container/003,glTF/GLB,internal-placeholder,,False,placeholder
firewall_0236,asset://firewall/003,glTF/GLB,internal-placeholder,,False,placeholder
message_broker_0237,asset://message_broker/003,glTF/GLB,internal-placeholder,,False,placeholder
gear_0238,asset://gear/004,glTF/GLB,internal-placeholder,,False,placeholder
shaft_0239,asset://shaft/004,glTF/GLB,internal-placeholder,,False,placeholder
bearing_0240,asset://bearing/004,glTF/GLB,internal-placeholder,,False,placeholder
pulley_0241,asset://pulley/004,glTF/GLB,internal-placeholder,,False,placeholder
lever_0242,asset://lever/004,glTF/GLB,internal-placeholder,,False,placeholder
spring_0243,asset://spring/004,glTF/GLB,internal-placeholder,,False,placeholder
piston_0244,asset://piston/004,glTF/GLB,internal-placeholder,,False,placeholder
valve_0245,asset://valve/004,glTF/GLB,internal-placeholder,,False,placeholder
pump_0246,asset://pump/004,glTF/GLB,internal-placeholder,,False,placeholder
fan_0247,asset://fan/004,glTF/GLB,internal-placeholder,,False,placeholder
wheel_0248,asset://wheel/004,glTF/GLB,internal-placeholder,,False,placeholder
bracket_0249,asset://bracket/004,glTF/GLB,internal-placeholder,,False,placeholder
battery_0250,asset://battery/004,glTF/GLB,internal-placeholder,,False,placeholder
resistor_0251,asset://resistor/004,glTF/GLB,internal-placeholder,,False,placeholder
capacitor_0252,asset://capacitor/004,glTF/GLB,internal-placeholder,,False,placeholder
inductor_0253,asset://inductor/004,glTF/GLB,internal-placeholder,,False,placeholder
diode_0254,asset://diode/004,glTF/GLB,internal-placeholder,,False,placeholder
led_0255,asset://led/004,glTF/GLB,internal-placeholder,,False,placeholder
switch_0256,asset://switch/004,glTF/GLB,internal-placeholder,,False,placeholder
relay_0257,asset://relay/004,glTF/GLB,internal-placeholder,,False,placeholder
transformer_0258,asset://transformer/004,glTF/GLB,internal-placeholder,,False,placeholder
fuse_0259,asset://fuse/004,glTF/GLB,internal-placeholder,,False,placeholder
motor_0260,asset://motor/004,glTF/GLB,internal-placeholder,,False,placeholder
generator_0261,asset://generator/004,glTF/GLB,internal-placeholder,,False,placeholder
microcontroller_0262,asset://microcontroller/004,glTF/GLB,internal-placeholder,,False,placeholder
sensor_0263,asset://sensor/004,glTF/GLB,internal-placeholder,,False,placeholder
breadboard_0264,asset://breadboard/004,glTF/GLB,internal-placeholder,,False,placeholder
op_amp_0265,asset://op_amp/004,glTF/GLB,internal-placeholder,,False,placeholder
logic_gate_0266,asset://logic_gate/004,glTF/GLB,internal-placeholder,,False,placeholder
adc_0267,asset://adc/004,glTF/GLB,internal-placeholder,,False,placeholder
dac_0268,asset://dac/004,glTF/GLB,internal-placeholder,,False,placeholder
display_0269,asset://display/004,glTF/GLB,internal-placeholder,,False,placeholder
encoder_0270,asset://encoder/004,glTF/GLB,internal-placeholder,,False,placeholder
transceiver_0271,asset://transceiver/004,glTF/GLB,internal-placeholder,,False,placeholder
servo_0272,asset://servo/004,glTF/GLB,internal-placeholder,,False,placeholder
actuator_0273,asset://actuator/004,glTF/GLB,internal-placeholder,,False,placeholder
robot_joint_0274,asset://robot_joint/004,glTF/GLB,internal-placeholder,,False,placeholder
gripper_0275,asset://gripper/004,glTF/GLB,internal-placeholder,,False,placeholder
wheel_0276,asset://wheel/004,glTF/GLB,internal-placeholder,,False,placeholder
lidar_0277,asset://lidar/004,glTF/GLB,internal-placeholder,,False,placeholder
imu_0278,asset://imu/004,glTF/GLB,internal-placeholder,,False,placeholder
motor_driver_0279,asset://motor_driver/004,glTF/GLB,internal-placeholder,,False,placeholder
robot_arm_segment_0280,asset://robot_arm_segment/004,glTF/GLB,internal-placeholder,,False,placeholder
controller_0281,asset://controller/004,glTF/GLB,internal-placeholder,,False,placeholder
solar_panel_0282,asset://solar_panel/004,glTF/GLB,internal-placeholder,,False,placeholder
wind_turbine_0283,asset://wind_turbine/004,glTF/GLB,internal-placeholder,,False,placeholder
inverter_0284,asset://inverter/004,glTF/GLB,internal-placeholder,,False,placeholder
generator_0285,asset://generator/004,glTF/GLB,internal-placeholder,,False,placeholder
fuel_cell_0286,asset://fuel_cell/004,glTF/GLB,internal-placeholder,,False,placeholder
charge_controller_0287,asset://charge_controller/004,glTF/GLB,internal-placeholder,,False,placeholder
energy_meter_0288,asset://energy_meter/004,glTF/GLB,internal-placeholder,,False,placeholder
atom_0289,asset://atom/004,glTF/GLB,internal-placeholder,,False,placeholder
molecule_0290,asset://molecule/004,glTF/GLB,internal-placeholder,,False,placeholder
magnet_0291,asset://magnet/004,glTF/GLB,internal-placeholder,,False,placeholder
coil_0292,asset://coil/004,glTF/GLB,internal-placeholder,,False,placeholder
pendulum_0293,asset://pendulum/004,glTF/GLB,internal-placeholder,,False,placeholder
lens_0294,asset://lens/004,glTF/GLB,internal-placeholder,,False,placeholder
prism_0295,asset://prism/004,glTF/GLB,internal-placeholder,,False,placeholder
fluid_container_0296,asset://fluid_container/004,glTF/GLB,internal-placeholder,,False,placeholder
heart_0297,asset://heart/004,glTF/GLB,internal-placeholder,,False,placeholder
lung_0298,asset://lung/004,glTF/GLB,internal-placeholder,,False,placeholder
neuron_0299,asset://neuron/004,glTF/GLB,internal-placeholder,,False,placeholder
cell_0300,asset://cell/004,glTF/GLB,internal-placeholder,,False,placeholder
dna_0301,asset://dna/004,glTF/GLB,internal-placeholder,,False,placeholder
ribosome_0302,asset://ribosome/004,glTF/GLB,internal-placeholder,,False,placeholder
blood_vessel_0303,asset://blood_vessel/004,glTF/GLB,internal-placeholder,,False,placeholder
eye_0304,asset://eye/004,glTF/GLB,internal-placeholder,,False,placeholder
server_0305,asset://server/004,glTF/GLB,internal-placeholder,,False,placeholder
router_0306,asset://router/004,glTF/GLB,internal-placeholder,,False,placeholder
network_switch_0307,asset://network_switch/004,glTF/GLB,internal-placeholder,,False,placeholder
database_0308,asset://database/004,glTF/GLB,internal-placeholder,,False,placeholder
client_0309,asset://client/004,glTF/GLB,internal-placeholder,,False,placeholder
api_gateway_0310,asset://api_gateway/004,glTF/GLB,internal-placeholder,,False,placeholder
queue_0311,asset://queue/004,glTF/GLB,internal-placeholder,,False,placeholder
cache_0312,asset://cache/004,glTF/GLB,internal-placeholder,,False,placeholder
load_balancer_0313,asset://load_balancer/004,glTF/GLB,internal-placeholder,,False,placeholder
container_0314,asset://container/004,glTF/GLB,internal-placeholder,,False,placeholder
firewall_0315,asset://firewall/004,glTF/GLB,internal-placeholder,,False,placeholder
message_broker_0316,asset://message_broker/004,glTF/GLB,internal-placeholder,,False,placeholder
gear_0317,asset://gear/005,glTF/GLB,internal-placeholder,,False,placeholder
shaft_0318,asset://shaft/005,glTF/GLB,internal-placeholder,,False,placeholder
bearing_0319,asset://bearing/005,glTF/GLB,internal-placeholder,,False,placeholder
pulley_0320,asset://pulley/005,glTF/GLB,internal-placeholder,,False,placeholder
lever_0321,asset://lever/005,glTF/GLB,internal-placeholder,,False,placeholder
spring_0322,asset://spring/005,glTF/GLB,internal-placeholder,,False,placeholder
piston_0323,asset://piston/005,glTF/GLB,internal-placeholder,,False,placeholder
valve_0324,asset://valve/005,glTF/GLB,internal-placeholder,,False,placeholder
pump_0325,asset://pump/005,glTF/GLB,internal-placeholder,,False,placeholder
fan_0326,asset://fan/005,glTF/GLB,internal-placeholder,,False,placeholder
wheel_0327,asset://wheel/005,glTF/GLB,internal-placeholder,,False,placeholder
bracket_0328,asset://bracket/005,glTF/GLB,internal-placeholder,,False,placeholder
battery_0329,asset://battery/005,glTF/GLB,internal-placeholder,,False,placeholder
resistor_0330,asset://resistor/005,glTF/GLB,internal-placeholder,,False,placeholder
capacitor_0331,asset://capacitor/005,glTF/GLB,internal-placeholder,,False,placeholder
inductor_0332,asset://inductor/005,glTF/GLB,internal-placeholder,,False,placeholder
diode_0333,asset://diode/005,glTF/GLB,internal-placeholder,,False,placeholder
led_0334,asset://led/005,glTF/GLB,internal-placeholder,,False,placeholder
switch_0335,asset://switch/005,glTF/GLB,internal-placeholder,,False,placeholder
relay_0336,asset://relay/005,glTF/GLB,internal-placeholder,,False,placeholder
transformer_0337,asset://transformer/005,glTF/GLB,internal-placeholder,,False,placeholder
fuse_0338,asset://fuse/005,glTF/GLB,internal-placeholder,,False,placeholder
motor_0339,asset://motor/005,glTF/GLB,internal-placeholder,,False,placeholder
generator_0340,asset://generator/005,glTF/GLB,internal-placeholder,,False,placeholder
microcontroller_0341,asset://microcontroller/005,glTF/GLB,internal-placeholder,,False,placeholder
sensor_0342,asset://sensor/005,glTF/GLB,internal-placeholder,,False,placeholder
breadboard_0343,asset://breadboard/005,glTF/GLB,internal-placeholder,,False,placeholder
op_amp_0344,asset://op_amp/005,glTF/GLB,internal-placeholder,,False,placeholder
logic_gate_0345,asset://logic_gate/005,glTF/GLB,internal-placeholder,,False,placeholder
adc_0346,asset://adc/005,glTF/GLB,internal-placeholder,,False,placeholder
dac_0347,asset://dac/005,glTF/GLB,internal-placeholder,,False,placeholder
display_0348,asset://display/005,glTF/GLB,internal-placeholder,,False,placeholder
encoder_0349,asset://encoder/005,glTF/GLB,internal-placeholder,,False,placeholder
transceiver_0350,asset://transceiver/005,glTF/GLB,internal-placeholder,,False,placeholder
servo_0351,asset://servo/005,glTF/GLB,internal-placeholder,,False,placeholder
actuator_0352,asset://actuator/005,glTF/GLB,internal-placeholder,,False,placeholder
robot_joint_0353,asset://robot_joint/005,glTF/GLB,internal-placeholder,,False,placeholder
gripper_0354,asset://gripper/005,glTF/GLB,internal-placeholder,,False,placeholder
wheel_0355,asset://wheel/005,glTF/GLB,internal-placeholder,,False,placeholder
lidar_0356,asset://lidar/005,glTF/GLB,internal-placeholder,,False,placeholder
imu_0357,asset://imu/005,glTF/GLB,internal-placeholder,,False,placeholder
motor_driver_0358,asset://motor_driver/005,glTF/GLB,internal-placeholder,,False,placeholder
robot_arm_segment_0359,asset://robot_arm_segment/005,glTF/GLB,internal-placeholder,,False,placeholder
controller_0360,asset://controller/005,glTF/GLB,internal-placeholder,,False,placeholder
solar_panel_0361,asset://solar_panel/005,glTF/GLB,internal-placeholder,,False,placeholder
wind_turbine_0362,asset://wind_turbine/005,glTF/GLB,internal-placeholder,,False,placeholder
inverter_0363,asset://inverter/005,glTF/GLB,internal-placeholder,,False,placeholder
generator_0364,asset://generator/005,glTF/GLB,internal-placeholder,,False,placeholder
fuel_cell_0365,asset://fuel_cell/005,glTF/GLB,internal-placeholder,,False,placeholder
charge_controller_0366,asset://charge_controller/005,glTF/GLB,internal-placeholder,,False,placeholder
energy_meter_0367,asset://energy_meter/005,glTF/GLB,internal-placeholder,,False,placeholder
atom_0368,asset://atom/005,glTF/GLB,internal-placeholder,,False,placeholder
molecule_0369,asset://molecule/005,glTF/GLB,internal-placeholder,,False,placeholder
magnet_0370,asset://magnet/005,glTF/GLB,internal-placeholder,,False,placeholder
coil_0371,asset://coil/005,glTF/GLB,internal-placeholder,,False,placeholder
pendulum_0372,asset://pendulum/005,glTF/GLB,internal-placeholder,,False,placeholder
lens_0373,asset://lens/005,glTF/GLB,internal-placeholder,,False,placeholder
prism_0374,asset://prism/005,glTF/GLB,internal-placeholder,,False,placeholder
fluid_container_0375,asset://fluid_container/005,glTF/GLB,internal-placeholder,,False,placeholder
heart_0376,asset://heart/005,glTF/GLB,internal-placeholder,,False,placeholder
lung_0377,asset://lung/005,glTF/GLB,internal-placeholder,,False,placeholder
neuron_0378,asset://neuron/005,glTF/GLB,internal-placeholder,,False,placeholder
cell_0379,asset://cell/005,glTF/GLB,internal-placeholder,,False,placeholder
dna_0380,asset://dna/005,glTF/GLB,internal-placeholder,,False,placeholder
ribosome_0381,asset://ribosome/005,glTF/GLB,internal-placeholder,,False,placeholder
blood_vessel_0382,asset://blood_vessel/005,glTF/GLB,internal-placeholder,,False,placeholder
eye_0383,asset://eye/005,glTF/GLB,internal-placeholder,,False,placeholder
server_0384,asset://server/005,glTF/GLB,internal-placeholder,,False,placeholder
router_0385,asset://router/005,glTF/GLB,internal-placeholder,,False,placeholder
network_switch_0386,asset://network_switch/005,glTF/GLB,internal-placeholder,,False,placeholder
database_0387,asset://database/005,glTF/GLB,internal-placeholder,,False,placeholder
client_0388,asset://client/005,glTF/GLB,internal-placeholder,,False,placeholder
api_gateway_0389,asset://api_gateway/005,glTF/GLB,internal-placeholder,,False,placeholder
queue_0390,asset://queue/005,glTF/GLB,internal-placeholder,,False,placeholder
cache_0391,asset://cache/005,glTF/GLB,internal-placeholder,,False,placeholder
load_balancer_0392,asset://load_balancer/005,glTF/GLB,internal-placeholder,,False,placeholder
container_0393,asset://container/005,glTF/GLB,internal-placeholder,,False,placeholder
firewall_0394,asset://firewall/005,glTF/GLB,internal-placeholder,,False,placeholder
message_broker_0395,asset://message_broker/005,glTF/GLB,internal-placeholder,,False,placeholder
gear_0396,asset://gear/006,glTF/GLB,internal-placeholder,,False,placeholder
shaft_0397,asset://shaft/006,glTF/GLB,internal-placeholder,,False,placeholder
bearing_0398,asset://bearing/006,glTF/GLB,internal-placeholder,,False,placeholder
pulley_0399,asset://pulley/006,glTF/GLB,internal-placeholder,,False,placeholder
lever_0400,asset://lever/006,glTF/GLB,internal-placeholder,,False,placeholder
spring_0401,asset://spring/006,glTF/GLB,internal-placeholder,,False,placeholder
piston_0402,asset://piston/006,glTF/GLB,internal-placeholder,,False,placeholder
valve_0403,asset://valve/006,glTF/GLB,internal-placeholder,,False,placeholder
pump_0404,asset://pump/006,glTF/GLB,internal-placeholder,,False,placeholder
fan_0405,asset://fan/006,glTF/GLB,internal-placeholder,,False,placeholder
wheel_0406,asset://wheel/006,glTF/GLB,internal-placeholder,,False,placeholder
bracket_0407,asset://bracket/006,glTF/GLB,internal-placeholder,,False,placeholder
battery_0408,asset://battery/006,glTF/GLB,internal-placeholder,,False,placeholder
resistor_0409,asset://resistor/006,glTF/GLB,internal-placeholder,,False,placeholder
capacitor_0410,asset://capacitor/006,glTF/GLB,internal-placeholder,,False,placeholder
inductor_0411,asset://inductor/006,glTF/GLB,internal-placeholder,,False,placeholder
diode_0412,asset://diode/006,glTF/GLB,internal-placeholder,,False,placeholder
led_0413,asset://led/006,glTF/GLB,internal-placeholder,,False,placeholder
switch_0414,asset://switch/006,glTF/GLB,internal-placeholder,,False,placeholder
relay_0415,asset://relay/006,glTF/GLB,internal-placeholder,,False,placeholder
transformer_0416,asset://transformer/006,glTF/GLB,internal-placeholder,,False,placeholder
fuse_0417,asset://fuse/006,glTF/GLB,internal-placeholder,,False,placeholder
motor_0418,asset://motor/006,glTF/GLB,internal-placeholder,,False,placeholder
generator_0419,asset://generator/006,glTF/GLB,internal-placeholder,,False,placeholder
microcontroller_0420,asset://microcontroller/006,glTF/GLB,internal-placeholder,,False,placeholder
sensor_0421,asset://sensor/006,glTF/GLB,internal-placeholder,,False,placeholder
breadboard_0422,asset://breadboard/006,glTF/GLB,internal-placeholder,,False,placeholder
op_amp_0423,asset://op_amp/006,glTF/GLB,internal-placeholder,,False,placeholder
logic_gate_0424,asset://logic_gate/006,glTF/GLB,internal-placeholder,,False,placeholder
adc_0425,asset://adc/006,glTF/GLB,internal-placeholder,,False,placeholder
dac_0426,asset://dac/006,glTF/GLB,internal-placeholder,,False,placeholder
display_0427,asset://display/006,glTF/GLB,internal-placeholder,,False,placeholder
encoder_0428,asset://encoder/006,glTF/GLB,internal-placeholder,,False,placeholder
transceiver_0429,asset://transceiver/006,glTF/GLB,internal-placeholder,,False,placeholder
servo_0430,asset://servo/006,glTF/GLB,internal-placeholder,,False,placeholder
actuator_0431,asset://actuator/006,glTF/GLB,internal-placeholder,,False,placeholder
robot_joint_0432,asset://robot_joint/006,glTF/GLB,internal-placeholder,,False,placeholder
gripper_0433,asset://gripper/006,glTF/GLB,internal-placeholder,,False,placeholder
wheel_0434,asset://wheel/006,glTF/GLB,internal-placeholder,,False,placeholder
lidar_0435,asset://lidar/006,glTF/GLB,internal-placeholder,,False,placeholder
imu_0436,asset://imu/006,glTF/GLB,internal-placeholder,,False,placeholder
motor_driver_0437,asset://motor_driver/006,glTF/GLB,internal-placeholder,,False,placeholder
robot_arm_segment_0438,asset://robot_arm_segment/006,glTF/GLB,internal-placeholder,,False,placeholder
controller_0439,asset://controller/006,glTF/GLB,internal-placeholder,,False,placeholder
solar_panel_0440,asset://solar_panel/006,glTF/GLB,internal-placeholder,,False,placeholder
wind_turbine_0441,asset://wind_turbine/006,glTF/GLB,internal-placeholder,,False,placeholder
inverter_0442,asset://inverter/006,glTF/GLB,internal-placeholder,,False,placeholder
generator_0443,asset://generator/006,glTF/GLB,internal-placeholder,,False,placeholder
fuel_cell_0444,asset://fuel_cell/006,glTF/GLB,internal-placeholder,,False,placeholder
charge_controller_0445,asset://charge_controller/006,glTF/GLB,internal-placeholder,,False,placeholder
energy_meter_0446,asset://energy_meter/006,glTF/GLB,internal-placeholder,,False,placeholder
atom_0447,asset://atom/006,glTF/GLB,internal-placeholder,,False,placeholder
molecule_0448,asset://molecule/006,glTF/GLB,internal-placeholder,,False,placeholder
magnet_0449,asset://magnet/006,glTF/GLB,internal-placeholder,,False,placeholder
coil_0450,asset://coil/006,glTF/GLB,internal-placeholder,,False,placeholder
pendulum_0451,asset://pendulum/006,glTF/GLB,internal-placeholder,,False,placeholder
lens_0452,asset://lens/006,glTF/GLB,internal-placeholder,,False,placeholder
prism_0453,asset://prism/006,glTF/GLB,internal-placeholder,,False,placeholder
fluid_container_0454,asset://fluid_container/006,glTF/GLB,internal-placeholder,,False,placeholder
heart_0455,asset://heart/006,glTF/GLB,internal-placeholder,,False,placeholder
lung_0456,asset://lung/006,glTF/GLB,internal-placeholder,,False,placeholder
neuron_0457,asset://neuron/006,glTF/GLB,internal-placeholder,,False,placeholder
cell_0458,asset://cell/006,glTF/GLB,internal-placeholder,,False,placeholder
dna_0459,asset://dna/006,glTF/GLB,internal-placeholder,,False,placeholder
ribosome_0460,asset://ribosome/006,glTF/GLB,internal-placeholder,,False,placeholder
blood_vessel_0461,asset://blood_vessel/006,glTF/GLB,internal-placeholder,,False,placeholder
eye_0462,asset://eye/006,glTF/GLB,internal-placeholder,,False,placeholder
server_0463,asset://server/006,glTF/GLB,internal-placeholder,,False,placeholder
router_0464,asset://router/006,glTF/GLB,internal-placeholder,,False,placeholder
network_switch_0465,asset://network_switch/006,glTF/GLB,internal-placeholder,,False,placeholder
database_0466,asset://database/006,glTF/GLB,internal-placeholder,,False,placeholder
client_0467,asset://client/006,glTF/GLB,internal-placeholder,,False,placeholder
api_gateway_0468,asset://api_gateway/006,glTF/GLB,internal-placeholder,,False,placeholder
queue_0469,asset://queue/006,glTF/GLB,internal-placeholder,,False,placeholder
cache_0470,asset://cache/006,glTF/GLB,internal-placeholder,,False,placeholder
load_balancer_0471,asset://load_balancer/006,glTF/GLB,internal-placeholder,,False,placeholder
container_0472,asset://container/006,glTF/GLB,internal-placeholder,,False,placeholder
firewall_0473,asset://firewall/006,glTF/GLB,internal-placeholder,,False,placeholder
message_broker_0474,asset://message_broker/006,glTF/GLB,internal-placeholder,,False,placeholder
gear_0475,asset://gear/007,glTF/GLB,internal-placeholder,,False,placeholder
shaft_0476,asset://shaft/007,glTF/GLB,internal-placeholder,,False,placeholder
bearing_0477,asset://bearing/007,glTF/GLB,internal-placeholder,,False,placeholder
pulley_0478,asset://pulley/007,glTF/GLB,internal-placeholder,,False,placeholder
lever_0479,asset://lever/007,glTF/GLB,internal-placeholder,,False,placeholder
spring_0480,asset://spring/007,glTF/GLB,internal-placeholder,,False,placeholder
piston_0481,asset://piston/007,glTF/GLB,internal-placeholder,,False,placeholder
valve_0482,asset://valve/007,glTF/GLB,internal-placeholder,,False,placeholder
pump_0483,asset://pump/007,glTF/GLB,internal-placeholder,,False,placeholder
fan_0484,asset://fan/007,glTF/GLB,internal-placeholder,,False,placeholder
wheel_0485,asset://wheel/007,glTF/GLB,internal-placeholder,,False,placeholder
bracket_0486,asset://bracket/007,glTF/GLB,internal-placeholder,,False,placeholder
battery_0487,asset://battery/007,glTF/GLB,internal-placeholder,,False,placeholder
resistor_0488,asset://resistor/007,glTF/GLB,internal-placeholder,,False,placeholder
capacitor_0489,asset://capacitor/007,glTF/GLB,internal-placeholder,,False,placeholder
inductor_0490,asset://inductor/007,glTF/GLB,internal-placeholder,,False,placeholder
diode_0491,asset://diode/007,glTF/GLB,internal-placeholder,,False,placeholder
led_0492,asset://led/007,glTF/GLB,internal-placeholder,,False,placeholder
switch_0493,asset://switch/007,glTF/GLB,internal-placeholder,,False,placeholder
relay_0494,asset://relay/007,glTF/GLB,internal-placeholder,,False,placeholder
transformer_0495,asset://transformer/007,glTF/GLB,internal-placeholder,,False,placeholder
fuse_0496,asset://fuse/007,glTF/GLB,internal-placeholder,,False,placeholder
motor_0497,asset://motor/007,glTF/GLB,internal-placeholder,,False,placeholder
generator_0498,asset://generator/007,glTF/GLB,internal-placeholder,,False,placeholder
microcontroller_0499,asset://microcontroller/007,glTF/GLB,internal-placeholder,,False,placeholder
sensor_0500,asset://sensor/007,glTF/GLB,internal-placeholder,,False,placeholder
breadboard_0501,asset://breadboard/007,glTF/GLB,internal-placeholder,,False,placeholder
op_amp_0502,asset://op_amp/007,glTF/GLB,internal-placeholder,,False,placeholder
logic_gate_0503,asset://logic_gate/007,glTF/GLB,internal-placeholder,,False,placeholder
adc_0504,asset://adc/007,glTF/GLB,internal-placeholder,,False,placeholder
dac_0505,asset://dac/007,glTF/GLB,internal-placeholder,,False,placeholder
display_0506,asset://display/007,glTF/GLB,internal-placeholder,,False,placeholder
encoder_0507,asset://encoder/007,glTF/GLB,internal-placeholder,,False,placeholder
transceiver_0508,asset://transceiver/007,glTF/GLB,internal-placeholder,,False,placeholder
servo_0509,asset://servo/007,glTF/GLB,internal-placeholder,,False,placeholder
actuator_0510,asset://actuator/007,glTF/GLB,internal-placeholder,,False,placeholder
robot_joint_0511,asset://robot_joint/007,glTF/GLB,internal-placeholder,,False,placeholder
gripper_0512,asset://gripper/007,glTF/GLB,internal-placeholder,,False,placeholder
wheel_0513,asset://wheel/007,glTF/GLB,internal-placeholder,,False,placeholder
lidar_0514,asset://lidar/007,glTF/GLB,internal-placeholder,,False,placeholder
imu_0515,asset://imu/007,glTF/GLB,internal-placeholder,,False,placeholder
motor_driver_0516,asset://motor_driver/007,glTF/GLB,internal-placeholder,,False,placeholder
robot_arm_segment_0517,asset://robot_arm_segment/007,glTF/GLB,internal-placeholder,,False,placeholder
controller_0518,asset://controller/007,glTF/GLB,internal-placeholder,,False,placeholder
solar_panel_0519,asset://solar_panel/007,glTF/GLB,internal-placeholder,,False,placeholder
wind_turbine_0520,asset://wind_turbine/007,glTF/GLB,internal-placeholder,,False,placeholder
inverter_0521,asset://inverter/007,glTF/GLB,internal-placeholder,,False,placeholder
generator_0522,asset://generator/007,glTF/GLB,internal-placeholder,,False,placeholder
fuel_cell_0523,asset://fuel_cell/007,glTF/GLB,internal-placeholder,,False,placeholder
charge_controller_0524,asset://charge_controller/007,glTF/GLB,internal-placeholder,,False,placeholder
energy_meter_0525,asset://energy_meter/007,glTF/GLB,internal-placeholder,,False,placeholder
atom_0526,asset://atom/007,glTF/GLB,internal-placeholder,,False,placeholder
molecule_0527,asset://molecule/007,glTF/GLB,internal-placeholder,,False,placeholder
magnet_0528,asset://magnet/007,glTF/GLB,internal-placeholder,,False,placeholder
coil_0529,asset://coil/007,glTF/GLB,internal-placeholder,,False,placeholder
pendulum_0530,asset://pendulum/007,glTF/GLB,internal-placeholder,,False,placeholder
lens_0531,asset://lens/007,glTF/GLB,internal-placeholder,,False,placeholder
prism_0532,asset://prism/007,glTF/GLB,internal-placeholder,,False,placeholder
fluid_container_0533,asset://fluid_container/007,glTF/GLB,internal-placeholder,,False,placeholder
heart_0534,asset://heart/007,glTF/GLB,internal-placeholder,,False,placeholder
lung_0535,asset://lung/007,glTF/GLB,internal-placeholder,,False,placeholder
neuron_0536,asset://neuron/007,glTF/GLB,internal-placeholder,,False,placeholder
cell_0537,asset://cell/007,glTF/GLB,internal-placeholder,,False,placeholder
dna_0538,asset://dna/007,glTF/GLB,internal-placeholder,,False,placeholder
ribosome_0539,asset://ribosome/007,glTF/GLB,internal-placeholder,,False,placeholder
blood_vessel_0540,asset://blood_vessel/007,glTF/GLB,internal-placeholder,,False,placeholder
eye_0541,asset://eye/007,glTF/GLB,internal-placeholder,,False,placeholder
server_0542,asset://server/007,glTF/GLB,internal-placeholder,,False,placeholder
router_0543,asset://router/007,glTF/GLB,internal-placeholder,,False,placeholder
network_switch_0544,asset://network_switch/007,glTF/GLB,internal-placeholder,,False,placeholder
database_0545,asset://database/007,glTF/GLB,internal-placeholder,,False,placeholder
client_0546,asset://client/007,glTF/GLB,internal-placeholder,,False,placeholder
api_gateway_0547,asset://api_gateway/007,glTF/GLB,internal-placeholder,,False,placeholder
queue_0548,asset://queue/007,glTF/GLB,internal-placeholder,,False,placeholder
cache_0549,asset://cache/007,glTF/GLB,internal-placeholder,,False,placeholder
load_balancer_0550,asset://load_balancer/007,glTF/GLB,internal-placeholder,,False,placeholder
container_0551,asset://container/007,glTF/GLB,internal-placeholder,,False,placeholder
firewall_0552,asset://firewall/007,glTF/GLB,internal-placeholder,,False,placeholder
message_broker_0553,asset://message_broker/007,glTF/GLB,internal-placeholder,,False,placeholder
gear_0554,asset://gear/008,glTF/GLB,internal-placeholder,,False,placeholder
shaft_0555,asset://shaft/008,glTF/GLB,internal-placeholder,,False,placeholder
bearing_0556,asset://bearing/008,glTF/GLB,internal-placeholder,,False,placeholder
pulley_0557,asset://pulley/008,glTF/GLB,internal-placeholder,,False,placeholder
lever_0558,asset://lever/008,glTF/GLB,internal-placeholder,,False,placeholder
spring_0559,asset://spring/008,glTF/GLB,internal-placeholder,,False,placeholder
piston_0560,asset://piston/008,glTF/GLB,internal-placeholder,,False,placeholder
valve_0561,asset://valve/008,glTF/GLB,internal-placeholder,,False,placeholder
pump_0562,asset://pump/008,glTF/GLB,internal-placeholder,,False,placeholder
fan_0563,asset://fan/008,glTF/GLB,internal-placeholder,,False,placeholder
wheel_0564,asset://wheel/008,glTF/GLB,internal-placeholder,,False,placeholder
bracket_0565,asset://bracket/008,glTF/GLB,internal-placeholder,,False,placeholder
battery_0566,asset://battery/008,glTF/GLB,internal-placeholder,,False,placeholder
resistor_0567,asset://resistor/008,glTF/GLB,internal-placeholder,,False,placeholder
capacitor_0568,asset://capacitor/008,glTF/GLB,internal-placeholder,,False,placeholder
inductor_0569,asset://inductor/008,glTF/GLB,internal-placeholder,,False,placeholder
diode_0570,asset://diode/008,glTF/GLB,internal-placeholder,,False,placeholder
led_0571,asset://led/008,glTF/GLB,internal-placeholder,,False,placeholder
switch_0572,asset://switch/008,glTF/GLB,internal-placeholder,,False,placeholder
relay_0573,asset://relay/008,glTF/GLB,internal-placeholder,,False,placeholder
transformer_0574,asset://transformer/008,glTF/GLB,internal-placeholder,,False,placeholder
fuse_0575,asset://fuse/008,glTF/GLB,internal-placeholder,,False,placeholder
motor_0576,asset://motor/008,glTF/GLB,internal-placeholder,,False,placeholder
generator_0577,asset://generator/008,glTF/GLB,internal-placeholder,,False,placeholder
microcontroller_0578,asset://microcontroller/008,glTF/GLB,internal-placeholder,,False,placeholder
sensor_0579,asset://sensor/008,glTF/GLB,internal-placeholder,,False,placeholder
breadboard_0580,asset://breadboard/008,glTF/GLB,internal-placeholder,,False,placeholder
op_amp_0581,asset://op_amp/008,glTF/GLB,internal-placeholder,,False,placeholder
logic_gate_0582,asset://logic_gate/008,glTF/GLB,internal-placeholder,,False,placeholder
adc_0583,asset://adc/008,glTF/GLB,internal-placeholder,,False,placeholder
dac_0584,asset://dac/008,glTF/GLB,internal-placeholder,,False,placeholder
display_0585,asset://display/008,glTF/GLB,internal-placeholder,,False,placeholder
encoder_0586,asset://encoder/008,glTF/GLB,internal-placeholder,,False,placeholder
transceiver_0587,asset://transceiver/008,glTF/GLB,internal-placeholder,,False,placeholder
servo_0588,asset://servo/008,glTF/GLB,internal-placeholder,,False,placeholder
actuator_0589,asset://actuator/008,glTF/GLB,internal-placeholder,,False,placeholder
robot_joint_0590,asset://robot_joint/008,glTF/GLB,internal-placeholder,,False,placeholder
gripper_0591,asset://gripper/008,glTF/GLB,internal-placeholder,,False,placeholder
wheel_0592,asset://wheel/008,glTF/GLB,internal-placeholder,,False,placeholder
lidar_0593,asset://lidar/008,glTF/GLB,internal-placeholder,,False,placeholder
imu_0594,asset://imu/008,glTF/GLB,internal-placeholder,,False,placeholder
motor_driver_0595,asset://motor_driver/008,glTF/GLB,internal-placeholder,,False,placeholder
robot_arm_segment_0596,asset://robot_arm_segment/008,glTF/GLB,internal-placeholder,,False,placeholder
controller_0597,asset://controller/008,glTF/GLB,internal-placeholder,,False,placeholder
solar_panel_0598,asset://solar_panel/008,glTF/GLB,internal-placeholder,,False,placeholder
wind_turbine_0599,asset://wind_turbine/008,glTF/GLB,internal-placeholder,,False,placeholder
inverter_0600,asset://inverter/008,glTF/GLB,internal-placeholder,,False,placeholder
generator_0601,asset://generator/008,glTF/GLB,internal-placeholder,,False,placeholder
fuel_cell_0602,asset://fuel_cell/008,glTF/GLB,internal-placeholder,,False,placeholder
charge_controller_0603,asset://charge_controller/008,glTF/GLB,internal-placeholder,,False,placeholder
energy_meter_0604,asset://energy_meter/008,glTF/GLB,internal-placeholder,,False,placeholder
atom_0605,asset://atom/008,glTF/GLB,internal-placeholder,,False,placeholder
molecule_0606,asset://molecule/008,glTF/GLB,internal-placeholder,,False,placeholder
magnet_0607,asset://magnet/008,glTF/GLB,internal-placeholder,,False,placeholder
coil_0608,asset://coil/008,glTF/GLB,internal-placeholder,,False,placeholder
pendulum_0609,asset://pendulum/008,glTF/GLB,internal-placeholder,,False,placeholder
lens_0610,asset://lens/008,glTF/GLB,internal-placeholder,,False,placeholder
prism_0611,asset://prism/008,glTF/GLB,internal-placeholder,,False,placeholder
fluid_container_0612,asset://fluid_container/008,glTF/GLB,internal-placeholder,,False,placeholder
heart_0613,asset://heart/008,glTF/GLB,internal-placeholder,,False,placeholder
lung_0614,asset://lung/008,glTF/GLB,internal-placeholder,,False,placeholder
neuron_0615,asset://neuron/008,glTF/GLB,internal-placeholder,,False,placeholder
cell_0616,asset://cell/008,glTF/GLB,internal-placeholder,,False,placeholder
dna_0617,asset://dna/008,glTF/GLB,internal-placeholder,,False,placeholder
ribosome_0618,asset://ribosome/008,glTF/GLB,internal-placeholder,,False,placeholder
blood_vessel_0619,asset://blood_vessel/008,glTF/GLB,internal-placeholder,,False,placeholder
eye_0620,asset://eye/008,glTF/GLB,internal-placeholder,,False,placeholder
server_0621,asset://server/008,glTF/GLB,internal-placeholder,,False,placeholder
router_0622,asset://router/008,glTF/GLB,internal-placeholder,,False,placeholder
network_switch_0623,asset://network_switch/008,glTF/GLB,internal-placeholder,,False,placeholder
database_0624,asset://database/008,glTF/GLB,internal-placeholder,,False,placeholder
client_0625,asset://client/008,glTF/GLB,internal-placeholder,,False,placeholder
api_gateway_0626,asset://api_gateway/008,glTF/GLB,internal-placeholder,,False,placeholder
queue_0627,asset://queue/008,glTF/GLB,internal-placeholder,,False,placeholder
cache_0628,asset://cache/008,glTF/GLB,internal-placeholder,,False,placeholder
load_balancer_0629,asset://load_balancer/008,glTF/GLB,internal-placeholder,,False,placeholder
container_0630,asset://container/008,glTF/GLB,internal-placeholder,,False,placeholder
firewall_0631,asset://firewall/008,glTF/GLB,internal-placeholder,,False,placeholder
message_broker_0632,asset://message_broker/008,glTF/GLB,internal-placeholder,,False,placeholder
gear_0633,asset://gear/009,glTF/GLB,internal-placeholder,,False,placeholder
shaft_0634,asset://shaft/009,glTF/GLB,internal-placeholder,,False,placeholder
bearing_0635,asset://bearing/009,glTF/GLB,internal-placeholder,,False,placeholder
pulley_0636,asset://pulley/009,glTF/GLB,internal-placeholder,,False,placeholder
lever_0637,asset://lever/009,glTF/GLB,internal-placeholder,,False,placeholder
spring_0638,asset://spring/009,glTF/GLB,internal-placeholder,,False,placeholder
piston_0639,asset://piston/009,glTF/GLB,internal-placeholder,,False,placeholder
valve_0640,asset://valve/009,glTF/GLB,internal-placeholder,,False,placeholder
pump_0641,asset://pump/009,glTF/GLB,internal-placeholder,,False,placeholder
fan_0642,asset://fan/009,glTF/GLB,internal-placeholder,,False,placeholder
wheel_0643,asset://wheel/009,glTF/GLB,internal-placeholder,,False,placeholder
bracket_0644,asset://bracket/009,glTF/GLB,internal-placeholder,,False,placeholder
battery_0645,asset://battery/009,glTF/GLB,internal-placeholder,,False,placeholder
resistor_0646,asset://resistor/009,glTF/GLB,internal-placeholder,,False,placeholder
capacitor_0647,asset://capacitor/009,glTF/GLB,internal-placeholder,,False,placeholder
inductor_0648,asset://inductor/009,glTF/GLB,internal-placeholder,,False,placeholder
diode_0649,asset://diode/009,glTF/GLB,internal-placeholder,,False,placeholder
led_0650,asset://led/009,glTF/GLB,internal-placeholder,,False,placeholder
switch_0651,asset://switch/009,glTF/GLB,internal-placeholder,,False,placeholder
relay_0652,asset://relay/009,glTF/GLB,internal-placeholder,,False,placeholder
transformer_0653,asset://transformer/009,glTF/GLB,internal-placeholder,,False,placeholder
fuse_0654,asset://fuse/009,glTF/GLB,internal-placeholder,,False,placeholder
motor_0655,asset://motor/009,glTF/GLB,internal-placeholder,,False,placeholder
generator_0656,asset://generator/009,glTF/GLB,internal-placeholder,,False,placeholder
microcontroller_0657,asset://microcontroller/009,glTF/GLB,internal-placeholder,,False,placeholder
sensor_0658,asset://sensor/009,glTF/GLB,internal-placeholder,,False,placeholder
breadboard_0659,asset://breadboard/009,glTF/GLB,internal-placeholder,,False,placeholder
op_amp_0660,asset://op_amp/009,glTF/GLB,internal-placeholder,,False,placeholder
logic_gate_0661,asset://logic_gate/009,glTF/GLB,internal-placeholder,,False,placeholder
adc_0662,asset://adc/009,glTF/GLB,internal-placeholder,,False,placeholder
dac_0663,asset://dac/009,glTF/GLB,internal-placeholder,,False,placeholder
display_0664,asset://display/009,glTF/GLB,internal-placeholder,,False,placeholder
encoder_0665,asset://encoder/009,glTF/GLB,internal-placeholder,,False,placeholder
transceiver_0666,asset://transceiver/009,glTF/GLB,internal-placeholder,,False,placeholder
servo_0667,asset://servo/009,glTF/GLB,internal-placeholder,,False,placeholder
actuator_0668,asset://actuator/009,glTF/GLB,internal-placeholder,,False,placeholder
robot_joint_0669,asset://robot_joint/009,glTF/GLB,internal-placeholder,,False,placeholder
gripper_0670,asset://gripper/009,glTF/GLB,internal-placeholder,,False,placeholder
wheel_0671,asset://wheel/009,glTF/GLB,internal-placeholder,,False,placeholder
lidar_0672,asset://lidar/009,glTF/GLB,internal-placeholder,,False,placeholder
imu_0673,asset://imu/009,glTF/GLB,internal-placeholder,,False,placeholder
motor_driver_0674,asset://motor_driver/009,glTF/GLB,internal-placeholder,,False,placeholder
robot_arm_segment_0675,asset://robot_arm_segment/009,glTF/GLB,internal-placeholder,,False,placeholder
controller_0676,asset://controller/009,glTF/GLB,internal-placeholder,,False,placeholder
solar_panel_0677,asset://solar_panel/009,glTF/GLB,internal-placeholder,,False,placeholder
wind_turbine_0678,asset://wind_turbine/009,glTF/GLB,internal-placeholder,,False,placeholder
inverter_0679,asset://inverter/009,glTF/GLB,internal-placeholder,,False,placeholder
generator_0680,asset://generator/009,glTF/GLB,internal-placeholder,,False,placeholder
fuel_cell_0681,asset://fuel_cell/009,glTF/GLB,internal-placeholder,,False,placeholder
charge_controller_0682,asset://charge_controller/009,glTF/GLB,internal-placeholder,,False,placeholder
energy_meter_0683,asset://energy_meter/009,glTF/GLB,internal-placeholder,,False,placeholder
atom_0684,asset://atom/009,glTF/GLB,internal-placeholder,,False,placeholder
molecule_0685,asset://molecule/009,glTF/GLB,internal-placeholder,,False,placeholder
magnet_0686,asset://magnet/009,glTF/GLB,internal-placeholder,,False,placeholder
coil_0687,asset://coil/009,glTF/GLB,internal-placeholder,,False,placeholder
pendulum_0688,asset://pendulum/009,glTF/GLB,internal-placeholder,,False,placeholder
lens_0689,asset://lens/009,glTF/GLB,internal-placeholder,,False,placeholder
prism_0690,asset://prism/009,glTF/GLB,internal-placeholder,,False,placeholder
fluid_container_0691,asset://fluid_container/009,glTF/GLB,internal-placeholder,,False,placeholder
heart_0692,asset://heart/009,glTF/GLB,internal-placeholder,,False,placeholder
lung_0693,asset://lung/009,glTF/GLB,internal-placeholder,,False,placeholder
neuron_0694,asset://neuron/009,glTF/GLB,internal-placeholder,,False,placeholder
cell_0695,asset://cell/009,glTF/GLB,internal-placeholder,,False,placeholder
dna_0696,asset://dna/009,glTF/GLB,internal-placeholder,,False,placeholder
ribosome_0697,asset://ribosome/009,glTF/GLB,internal-placeholder,,False,placeholder
blood_vessel_0698,asset://blood_vessel/009,glTF/GLB,internal-placeholder,,False,placeholder
eye_0699,asset://eye/009,glTF/GLB,internal-placeholder,,False,placeholder
server_0700,asset://server/009,glTF/GLB,internal-placeholder,,False,placeholder
router_0701,asset://router/009,glTF/GLB,internal-placeholder,,False,placeholder
network_switch_0702,asset://network_switch/009,glTF/GLB,internal-placeholder,,False,placeholder
database_0703,asset://database/009,glTF/GLB,internal-placeholder,,False,placeholder
client_0704,asset://client/009,glTF/GLB,internal-placeholder,,False,placeholder
api_gateway_0705,asset://api_gateway/009,glTF/GLB,internal-placeholder,,False,placeholder
queue_0706,asset://queue/009,glTF/GLB,internal-placeholder,,False,placeholder
cache_0707,asset://cache/009,glTF/GLB,internal-placeholder,,False,placeholder
load_balancer_0708,asset://load_balancer/009,glTF/GLB,internal-placeholder,,False,placeholder
container_0709,asset://container/009,glTF/GLB,internal-placeholder,,False,placeholder
firewall_0710,asset://firewall/009,glTF/GLB,internal-placeholder,,False,placeholder
message_broker_0711,asset://message_broker/009,glTF/GLB,internal-placeholder,,False,placeholder
gear_0712,asset://gear/010,glTF/GLB,internal-placeholder,,False,placeholder
shaft_0713,asset://shaft/010,glTF/GLB,internal-placeholder,,False,placeholder
bearing_0714,asset://bearing/010,glTF/GLB,internal-placeholder,,False,placeholder
pulley_0715,asset://pulley/010,glTF/GLB,internal-placeholder,,False,placeholder
lever_0716,asset://lever/010,glTF/GLB,internal-placeholder,,False,placeholder
spring_0717,asset://spring/010,glTF/GLB,internal-placeholder,,False,placeholder
piston_0718,asset://piston/010,glTF/GLB,internal-placeholder,,False,placeholder
valve_0719,asset://valve/010,glTF/GLB,internal-placeholder,,False,placeholder
pump_0720,asset://pump/010,glTF/GLB,internal-placeholder,,False,placeholder
fan_0721,asset://fan/010,glTF/GLB,internal-placeholder,,False,placeholder
wheel_0722,asset://wheel/010,glTF/GLB,internal-placeholder,,False,placeholder
bracket_0723,asset://bracket/010,glTF/GLB,internal-placeholder,,False,placeholder
battery_0724,asset://battery/010,glTF/GLB,internal-placeholder,,False,placeholder
resistor_0725,asset://resistor/010,glTF/GLB,internal-placeholder,,False,placeholder
capacitor_0726,asset://capacitor/010,glTF/GLB,internal-placeholder,,False,placeholder
inductor_0727,asset://inductor/010,glTF/GLB,internal-placeholder,,False,placeholder
diode_0728,asset://diode/010,glTF/GLB,internal-placeholder,,False,placeholder
led_0729,asset://led/010,glTF/GLB,internal-placeholder,,False,placeholder
switch_0730,asset://switch/010,glTF/GLB,internal-placeholder,,False,placeholder
relay_0731,asset://relay/010,glTF/GLB,internal-placeholder,,False,placeholder
transformer_0732,asset://transformer/010,glTF/GLB,internal-placeholder,,False,placeholder
fuse_0733,asset://fuse/010,glTF/GLB,internal-placeholder,,False,placeholder
motor_0734,asset://motor/010,glTF/GLB,internal-placeholder,,False,placeholder
generator_0735,asset://generator/010,glTF/GLB,internal-placeholder,,False,placeholder
microcontroller_0736,asset://microcontroller/010,glTF/GLB,internal-placeholder,,False,placeholder
sensor_0737,asset://sensor/010,glTF/GLB,internal-placeholder,,False,placeholder
breadboard_0738,asset://breadboard/010,glTF/GLB,internal-placeholder,,False,placeholder
op_amp_0739,asset://op_amp/010,glTF/GLB,internal-placeholder,,False,placeholder
logic_gate_0740,asset://logic_gate/010,glTF/GLB,internal-placeholder,,False,placeholder
adc_0741,asset://adc/010,glTF/GLB,internal-placeholder,,False,placeholder
dac_0742,asset://dac/010,glTF/GLB,internal-placeholder,,False,placeholder
display_0743,asset://display/010,glTF/GLB,internal-placeholder,,False,placeholder
encoder_0744,asset://encoder/010,glTF/GLB,internal-placeholder,,False,placeholder
transceiver_0745,asset://transceiver/010,glTF/GLB,internal-placeholder,,False,placeholder
servo_0746,asset://servo/010,glTF/GLB,internal-placeholder,,False,placeholder
actuator_0747,asset://actuator/010,glTF/GLB,internal-placeholder,,False,placeholder
robot_joint_0748,asset://robot_joint/010,glTF/GLB,internal-placeholder,,False,placeholder
gripper_0749,asset://gripper/010,glTF/GLB,internal-placeholder,,False,placeholder
wheel_0750,asset://wheel/010,glTF/GLB,internal-placeholder,,False,placeholder
lidar_0751,asset://lidar/010,glTF/GLB,internal-placeholder,,False,placeholder
imu_0752,asset://imu/010,glTF/GLB,internal-placeholder,,False,placeholder
motor_driver_0753,asset://motor_driver/010,glTF/GLB,internal-placeholder,,False,placeholder
robot_arm_segment_0754,asset://robot_arm_segment/010,glTF/GLB,internal-placeholder,,False,placeholder
controller_0755,asset://controller/010,glTF/GLB,internal-placeholder,,False,placeholder
solar_panel_0756,asset://solar_panel/010,glTF/GLB,internal-placeholder,,False,placeholder
wind_turbine_0757,asset://wind_turbine/010,glTF/GLB,internal-placeholder,,False,placeholder
inverter_0758,asset://inverter/010,glTF/GLB,internal-placeholder,,False,placeholder
generator_0759,asset://generator/010,glTF/GLB,internal-placeholder,,False,placeholder
fuel_cell_0760,asset://fuel_cell/010,glTF/GLB,internal-placeholder,,False,placeholder
charge_controller_0761,asset://charge_controller/010,glTF/GLB,internal-placeholder,,False,placeholder
energy_meter_0762,asset://energy_meter/010,glTF/GLB,internal-placeholder,,False,placeholder
atom_0763,asset://atom/010,glTF/GLB,internal-placeholder,,False,placeholder
molecule_0764,asset://molecule/010,glTF/GLB,internal-placeholder,,False,placeholder
magnet_0765,asset://magnet/010,glTF/GLB,internal-placeholder,,False,placeholder
coil_0766,asset://coil/010,glTF/GLB,internal-placeholder,,False,placeholder
pendulum_0767,asset://pendulum/010,glTF/GLB,internal-placeholder,,False,placeholder
lens_0768,asset://lens/010,glTF/GLB,internal-placeholder,,False,placeholder
prism_0769,asset://prism/010,glTF/GLB,internal-placeholder,,False,placeholder
fluid_container_0770,asset://fluid_container/010,glTF/GLB,internal-placeholder,,False,placeholder
heart_0771,asset://heart/010,glTF/GLB,internal-placeholder,,False,placeholder
lung_0772,asset://lung/010,glTF/GLB,internal-placeholder,,False,placeholder
neuron_0773,asset://neuron/010,glTF/GLB,internal-placeholder,,False,placeholder
cell_0774,asset://cell/010,glTF/GLB,internal-placeholder,,False,placeholder
dna_0775,asset://dna/010,glTF/GLB,internal-placeholder,,False,placeholder
ribosome_0776,asset://ribosome/010,glTF/GLB,internal-placeholder,,False,placeholder
blood_vessel_0777,asset://blood_vessel/010,glTF/GLB,internal-placeholder,,False,placeholder
eye_0778,asset://eye/010,glTF/GLB,internal-placeholder,,False,placeholder
server_0779,asset://server/010,glTF/GLB,internal-placeholder,,False,placeholder
router_0780,asset://router/010,glTF/GLB,internal-placeholder,,False,placeholder
network_switch_0781,asset://network_switch/010,glTF/GLB,internal-placeholder,,False,placeholder
database_0782,asset://database/010,glTF/GLB,internal-placeholder,,False,placeholder
client_0783,asset://client/010,glTF/GLB,internal-placeholder,,False,placeholder
api_gateway_0784,asset://api_gateway/010,glTF/GLB,internal-placeholder,,False,placeholder
queue_0785,asset://queue/010,glTF/GLB,internal-placeholder,,False,placeholder
cache_0786,asset://cache/010,glTF/GLB,internal-placeholder,,False,placeholder
load_balancer_0787,asset://load_balancer/010,glTF/GLB,internal-placeholder,,False,placeholder
container_0788,asset://container/010,glTF/GLB,internal-placeholder,,False,placeholder
firewall_0789,asset://firewall/010,glTF/GLB,internal-placeholder,,False,placeholder
message_broker_0790,asset://message_broker/010,glTF/GLB,internal-placeholder,,False,placeholder
gear_0791,asset://gear/011,glTF/GLB,internal-placeholder,,False,placeholder
shaft_0792,asset://shaft/011,glTF/GLB,internal-placeholder,,False,placeholder
bearing_0793,asset://bearing/011,glTF/GLB,internal-placeholder,,False,placeholder
pulley_0794,asset://pulley/011,glTF/GLB,internal-placeholder,,False,placeholder
lever_0795,asset://lever/011,glTF/GLB,internal-placeholder,,False,placeholder
spring_0796,asset://spring/011,glTF/GLB,internal-placeholder,,False,placeholder
piston_0797,asset://piston/011,glTF/GLB,internal-placeholder,,False,placeholder
valve_0798,asset://valve/011,glTF/GLB,internal-placeholder,,False,placeholder
pump_0799,asset://pump/011,glTF/GLB,internal-placeholder,,False,placeholder
fan_0800,asset://fan/011,glTF/GLB,internal-placeholder,,False,placeholder
wheel_0801,asset://wheel/011,glTF/GLB,internal-placeholder,,False,placeholder
bracket_0802,asset://bracket/011,glTF/GLB,internal-placeholder,,False,placeholder
battery_0803,asset://battery/011,glTF/GLB,internal-placeholder,,False,placeholder
resistor_0804,asset://resistor/011,glTF/GLB,internal-placeholder,,False,placeholder
capacitor_0805,asset://capacitor/011,glTF/GLB,internal-placeholder,,False,placeholder
inductor_0806,asset://inductor/011,glTF/GLB,internal-placeholder,,False,placeholder
diode_0807,asset://diode/011,glTF/GLB,internal-placeholder,,False,placeholder
led_0808,asset://led/011,glTF/GLB,internal-placeholder,,False,placeholder
switch_0809,asset://switch/011,glTF/GLB,internal-placeholder,,False,placeholder
relay_0810,asset://relay/011,glTF/GLB,internal-placeholder,,False,placeholder
transformer_0811,asset://transformer/011,glTF/GLB,internal-placeholder,,False,placeholder
fuse_0812,asset://fuse/011,glTF/GLB,internal-placeholder,,False,placeholder
motor_0813,asset://motor/011,glTF/GLB,internal-placeholder,,False,placeholder
generator_0814,asset://generator/011,glTF/GLB,internal-placeholder,,False,placeholder
microcontroller_0815,asset://microcontroller/011,glTF/GLB,internal-placeholder,,False,placeholder
sensor_0816,asset://sensor/011,glTF/GLB,internal-placeholder,,False,placeholder
breadboard_0817,asset://breadboard/011,glTF/GLB,internal-placeholder,,False,placeholder
op_amp_0818,asset://op_amp/011,glTF/GLB,internal-placeholder,,False,placeholder
logic_gate_0819,asset://logic_gate/011,glTF/GLB,internal-placeholder,,False,placeholder
adc_0820,asset://adc/011,glTF/GLB,internal-placeholder,,False,placeholder
dac_0821,asset://dac/011,glTF/GLB,internal-placeholder,,False,placeholder
display_0822,asset://display/011,glTF/GLB,internal-placeholder,,False,placeholder
encoder_0823,asset://encoder/011,glTF/GLB,internal-placeholder,,False,placeholder
transceiver_0824,asset://transceiver/011,glTF/GLB,internal-placeholder,,False,placeholder
servo_0825,asset://servo/011,glTF/GLB,internal-placeholder,,False,placeholder
actuator_0826,asset://actuator/011,glTF/GLB,internal-placeholder,,False,placeholder
robot_joint_0827,asset://robot_joint/011,glTF/GLB,internal-placeholder,,False,placeholder
gripper_0828,asset://gripper/011,glTF/GLB,internal-placeholder,,False,placeholder
wheel_0829,asset://wheel/011,glTF/GLB,internal-placeholder,,False,placeholder
lidar_0830,asset://lidar/011,glTF/GLB,internal-placeholder,,False,placeholder
imu_0831,asset://imu/011,glTF/GLB,internal-placeholder,,False,placeholder
motor_driver_0832,asset://motor_driver/011,glTF/GLB,internal-placeholder,,False,placeholder
robot_arm_segment_0833,asset://robot_arm_segment/011,glTF/GLB,internal-placeholder,,False,placeholder
controller_0834,asset://controller/011,glTF/GLB,internal-placeholder,,False,placeholder
solar_panel_0835,asset://solar_panel/011,glTF/GLB,internal-placeholder,,False,placeholder
wind_turbine_0836,asset://wind_turbine/011,glTF/GLB,internal-placeholder,,False,placeholder
inverter_0837,asset://inverter/011,glTF/GLB,internal-placeholder,,False,placeholder
generator_0838,asset://generator/011,glTF/GLB,internal-placeholder,,False,placeholder
fuel_cell_0839,asset://fuel_cell/011,glTF/GLB,internal-placeholder,,False,placeholder
charge_controller_0840,asset://charge_controller/011,glTF/GLB,internal-placeholder,,False,placeholder
energy_meter_0841,asset://energy_meter/011,glTF/GLB,internal-placeholder,,False,placeholder
atom_0842,asset://atom/011,glTF/GLB,internal-placeholder,,False,placeholder
molecule_0843,asset://molecule/011,glTF/GLB,internal-placeholder,,False,placeholder
magnet_0844,asset://magnet/011,glTF/GLB,internal-placeholder,,False,placeholder
coil_0845,asset://coil/011,glTF/GLB,internal-placeholder,,False,placeholder
pendulum_0846,asset://pendulum/011,glTF/GLB,internal-placeholder,,False,placeholder
lens_0847,asset://lens/011,glTF/GLB,internal-placeholder,,False,placeholder
prism_0848,asset://prism/011,glTF/GLB,internal-placeholder,,False,placeholder
fluid_container_0849,asset://fluid_container/011,glTF/GLB,internal-placeholder,,False,placeholder
heart_0850,asset://heart/011,glTF/GLB,internal-placeholder,,False,placeholder
lung_0851,asset://lung/011,glTF/GLB,internal-placeholder,,False,placeholder
neuron_0852,asset://neuron/011,glTF/GLB,internal-placeholder,,False,placeholder
cell_0853,asset://cell/011,glTF/GLB,internal-placeholder,,False,placeholder
dna_0854,asset://dna/011,glTF/GLB,internal-placeholder,,False,placeholder
ribosome_0855,asset://ribosome/011,glTF/GLB,internal-placeholder,,False,placeholder
blood_vessel_0856,asset://blood_vessel/011,glTF/GLB,internal-placeholder,,False,placeholder
eye_0857,asset://eye/011,glTF/GLB,internal-placeholder,,False,placeholder
server_0858,asset://server/011,glTF/GLB,internal-placeholder,,False,placeholder
router_0859,asset://router/011,glTF/GLB,internal-placeholder,,False,placeholder
network_switch_0860,asset://network_switch/011,glTF/GLB,internal-placeholder,,False,placeholder
database_0861,asset://database/011,glTF/GLB,internal-placeholder,,False,placeholder
client_0862,asset://client/011,glTF/GLB,internal-placeholder,,False,placeholder
api_gateway_0863,asset://api_gateway/011,glTF/GLB,internal-placeholder,,False,placeholder
queue_0864,asset://queue/011,glTF/GLB,internal-placeholder,,False,placeholder
cache_0865,asset://cache/011,glTF/GLB,internal-placeholder,,False,placeholder
load_balancer_0866,asset://load_balancer/011,glTF/GLB,internal-placeholder,,False,placeholder
container_0867,asset://container/011,glTF/GLB,internal-placeholder,,False,placeholder
firewall_0868,asset://firewall/011,glTF/GLB,internal-placeholder,,False,placeholder
message_broker_0869,asset://message_broker/011,glTF/GLB,internal-placeholder,,False,placeholder
gear_0870,asset://gear/012,glTF/GLB,internal-placeholder,,False,placeholder
shaft_0871,asset://shaft/012,glTF/GLB,internal-placeholder,,False,placeholder
bearing_0872,asset://bearing/012,glTF/GLB,internal-placeholder,,False,placeholder
pulley_0873,asset://pulley/012,glTF/GLB,internal-placeholder,,False,placeholder
lever_0874,asset://lever/012,glTF/GLB,internal-placeholder,,False,placeholder
spring_0875,asset://spring/012,glTF/GLB,internal-placeholder,,False,placeholder
piston_0876,asset://piston/012,glTF/GLB,internal-placeholder,,False,placeholder
valve_0877,asset://valve/012,glTF/GLB,internal-placeholder,,False,placeholder
pump_0878,asset://pump/012,glTF/GLB,internal-placeholder,,False,placeholder
fan_0879,asset://fan/012,glTF/GLB,internal-placeholder,,False,placeholder
wheel_0880,asset://wheel/012,glTF/GLB,internal-placeholder,,False,placeholder
bracket_0881,asset://bracket/012,glTF/GLB,internal-placeholder,,False,placeholder
battery_0882,asset://battery/012,glTF/GLB,internal-placeholder,,False,placeholder
resistor_0883,asset://resistor/012,glTF/GLB,internal-placeholder,,False,placeholder
capacitor_0884,asset://capacitor/012,glTF/GLB,internal-placeholder,,False,placeholder
inductor_0885,asset://inductor/012,glTF/GLB,internal-placeholder,,False,placeholder
diode_0886,asset://diode/012,glTF/GLB,internal-placeholder,,False,placeholder
led_0887,asset://led/012,glTF/GLB,internal-placeholder,,False,placeholder
switch_0888,asset://switch/012,glTF/GLB,internal-placeholder,,False,placeholder
relay_0889,asset://relay/012,glTF/GLB,internal-placeholder,,False,placeholder
transformer_0890,asset://transformer/012,glTF/GLB,internal-placeholder,,False,placeholder
fuse_0891,asset://fuse/012,glTF/GLB,internal-placeholder,,False,placeholder
motor_0892,asset://motor/012,glTF/GLB,internal-placeholder,,False,placeholder
generator_0893,asset://generator/012,glTF/GLB,internal-placeholder,,False,placeholder
microcontroller_0894,asset://microcontroller/012,glTF/GLB,internal-placeholder,,False,placeholder
sensor_0895,asset://sensor/012,glTF/GLB,internal-placeholder,,False,placeholder
breadboard_0896,asset://breadboard/012,glTF/GLB,internal-placeholder,,False,placeholder
op_amp_0897,asset://op_amp/012,glTF/GLB,internal-placeholder,,False,placeholder
logic_gate_0898,asset://logic_gate/012,glTF/GLB,internal-placeholder,,False,placeholder
adc_0899,asset://adc/012,glTF/GLB,internal-placeholder,,False,placeholder
dac_0900,asset://dac/012,glTF/GLB,internal-placeholder,,False,placeholder
display_0901,asset://display/012,glTF/GLB,internal-placeholder,,False,placeholder
encoder_0902,asset://encoder/012,glTF/GLB,internal-placeholder,,False,placeholder
transceiver_0903,asset://transceiver/012,glTF/GLB,internal-placeholder,,False,placeholder
servo_0904,asset://servo/012,glTF/GLB,internal-placeholder,,False,placeholder
actuator_0905,asset://actuator/012,glTF/GLB,internal-placeholder,,False,placeholder
robot_joint_0906,asset://robot_joint/012,glTF/GLB,internal-placeholder,,False,placeholder
gripper_0907,asset://gripper/012,glTF/GLB,internal-placeholder,,False,placeholder
wheel_0908,asset://wheel/012,glTF/GLB,internal-placeholder,,False,placeholder
lidar_0909,asset://lidar/012,glTF/GLB,internal-placeholder,,False,placeholder
imu_0910,asset://imu/012,glTF/GLB,internal-placeholder,,False,placeholder
motor_driver_0911,asset://motor_driver/012,glTF/GLB,internal-placeholder,,False,placeholder
robot_arm_segment_0912,asset://robot_arm_segment/012,glTF/GLB,internal-placeholder,,False,placeholder
controller_0913,asset://controller/012,glTF/GLB,internal-placeholder,,False,placeholder
solar_panel_0914,asset://solar_panel/012,glTF/GLB,internal-placeholder,,False,placeholder
wind_turbine_0915,asset://wind_turbine/012,glTF/GLB,internal-placeholder,,False,placeholder
inverter_0916,asset://inverter/012,glTF/GLB,internal-placeholder,,False,placeholder
generator_0917,asset://generator/012,glTF/GLB,internal-placeholder,,False,placeholder
fuel_cell_0918,asset://fuel_cell/012,glTF/GLB,internal-placeholder,,False,placeholder
charge_controller_0919,asset://charge_controller/012,glTF/GLB,internal-placeholder,,False,placeholder
energy_meter_0920,asset://energy_meter/012,glTF/GLB,internal-placeholder,,False,placeholder
atom_0921,asset://atom/012,glTF/GLB,internal-placeholder,,False,placeholder
molecule_0922,asset://molecule/012,glTF/GLB,internal-placeholder,,False,placeholder
magnet_0923,asset://magnet/012,glTF/GLB,internal-placeholder,,False,placeholder
coil_0924,asset://coil/012,glTF/GLB,internal-placeholder,,False,placeholder
pendulum_0925,asset://pendulum/012,glTF/GLB,internal-placeholder,,False,placeholder
lens_0926,asset://lens/012,glTF/GLB,internal-placeholder,,False,placeholder
prism_0927,asset://prism/012,glTF/GLB,internal-placeholder,,False,placeholder
fluid_container_0928,asset://fluid_container/012,glTF/GLB,internal-placeholder,,False,placeholder
heart_0929,asset://heart/012,glTF/GLB,internal-placeholder,,False,placeholder
lung_0930,asset://lung/012,glTF/GLB,internal-placeholder,,False,placeholder
neuron_0931,asset://neuron/012,glTF/GLB,internal-placeholder,,False,placeholder
cell_0932,asset://cell/012,glTF/GLB,internal-placeholder,,False,placeholder
dna_0933,asset://dna/012,glTF/GLB,internal-placeholder,,False,placeholder
ribosome_0934,asset://ribosome/012,glTF/GLB,internal-placeholder,,False,placeholder
blood_vessel_0935,asset://blood_vessel/012,glTF/GLB,internal-placeholder,,False,placeholder
eye_0936,asset://eye/012,glTF/GLB,internal-placeholder,,False,placeholder
server_0937,asset://server/012,glTF/GLB,internal-placeholder,,False,placeholder
router_0938,asset://router/012,glTF/GLB,internal-placeholder,,False,placeholder
network_switch_0939,asset://network_switch/012,glTF/GLB,internal-placeholder,,False,placeholder
database_0940,asset://database/012,glTF/GLB,internal-placeholder,,False,placeholder
client_0941,asset://client/012,glTF/GLB,internal-placeholder,,False,placeholder
api_gateway_0942,asset://api_gateway/012,glTF/GLB,internal-placeholder,,False,placeholder
queue_0943,asset://queue/012,glTF/GLB,internal-placeholder,,False,placeholder
cache_0944,asset://cache/012,glTF/GLB,internal-placeholder,,False,placeholder
load_balancer_0945,asset://load_balancer/012,glTF/GLB,internal-placeholder,,False,placeholder
container_0946,asset://container/012,glTF/GLB,internal-placeholder,,False,placeholder
firewall_0947,asset://firewall/012,glTF/GLB,internal-placeholder,,False,placeholder
message_broker_0948,asset://message_broker/012,glTF/GLB,internal-placeholder,,False,placeholder
gear_0949,asset://gear/013,glTF/GLB,internal-placeholder,,False,placeholder
shaft_0950,asset://shaft/013,glTF/GLB,internal-placeholder,,False,placeholder
bearing_0951,asset://bearing/013,glTF/GLB,internal-placeholder,,False,placeholder
pulley_0952,asset://pulley/013,glTF/GLB,internal-placeholder,,False,placeholder
lever_0953,asset://lever/013,glTF/GLB,internal-placeholder,,False,placeholder
spring_0954,asset://spring/013,glTF/GLB,internal-placeholder,,False,placeholder
piston_0955,asset://piston/013,glTF/GLB,internal-placeholder,,False,placeholder
valve_0956,asset://valve/013,glTF/GLB,internal-placeholder,,False,placeholder
pump_0957,asset://pump/013,glTF/GLB,internal-placeholder,,False,placeholder
fan_0958,asset://fan/013,glTF/GLB,internal-placeholder,,False,placeholder
wheel_0959,asset://wheel/013,glTF/GLB,internal-placeholder,,False,placeholder
bracket_0960,asset://bracket/013,glTF/GLB,internal-placeholder,,False,placeholder
battery_0961,asset://battery/013,glTF/GLB,internal-placeholder,,False,placeholder
resistor_0962,asset://resistor/013,glTF/GLB,internal-placeholder,,False,placeholder
capacitor_0963,asset://capacitor/013,glTF/GLB,internal-placeholder,,False,placeholder
inductor_0964,asset://inductor/013,glTF/GLB,internal-placeholder,,False,placeholder
diode_0965,asset://diode/013,glTF/GLB,internal-placeholder,,False,placeholder
led_0966,asset://led/013,glTF/GLB,internal-placeholder,,False,placeholder
switch_0967,asset://switch/013,glTF/GLB,internal-placeholder,,False,placeholder
relay_0968,asset://relay/013,glTF/GLB,internal-placeholder,,False,placeholder
transformer_0969,asset://transformer/013,glTF/GLB,internal-placeholder,,False,placeholder
fuse_0970,asset://fuse/013,glTF/GLB,internal-placeholder,,False,placeholder
motor_0971,asset://motor/013,glTF/GLB,internal-placeholder,,False,placeholder
generator_0972,asset://generator/013,glTF/GLB,internal-placeholder,,False,placeholder
microcontroller_0973,asset://microcontroller/013,glTF/GLB,internal-placeholder,,False,placeholder
sensor_0974,asset://sensor/013,glTF/GLB,internal-placeholder,,False,placeholder
breadboard_0975,asset://breadboard/013,glTF/GLB,internal-placeholder,,False,placeholder
op_amp_0976,asset://op_amp/013,glTF/GLB,internal-placeholder,,False,placeholder
logic_gate_0977,asset://logic_gate/013,glTF/GLB,internal-placeholder,,False,placeholder
adc_0978,asset://adc/013,glTF/GLB,internal-placeholder,,False,placeholder
dac_0979,asset://dac/013,glTF/GLB,internal-placeholder,,False,placeholder
display_0980,asset://display/013,glTF/GLB,internal-placeholder,,False,placeholder
encoder_0981,asset://encoder/013,glTF/GLB,internal-placeholder,,False,placeholder
transceiver_0982,asset://transceiver/013,glTF/GLB,internal-placeholder,,False,placeholder
servo_0983,asset://servo/013,glTF/GLB,internal-placeholder,,False,placeholder
actuator_0984,asset://actuator/013,glTF/GLB,internal-placeholder,,False,placeholder
robot_joint_0985,asset://robot_joint/013,glTF/GLB,internal-placeholder,,False,placeholder
gripper_0986,asset://gripper/013,glTF/GLB,internal-placeholder,,False,placeholder
wheel_0987,asset://wheel/013,glTF/GLB,internal-placeholder,,False,placeholder
lidar_0988,asset://lidar/013,glTF/GLB,internal-placeholder,,False,placeholder
imu_0989,asset://imu/013,glTF/GLB,internal-placeholder,,False,placeholder
motor_driver_0990,asset://motor_driver/013,glTF/GLB,internal-placeholder,,False,placeholder
robot_arm_segment_0991,asset://robot_arm_segment/013,glTF/GLB,internal-placeholder,,False,placeholder
controller_0992,asset://controller/013,glTF/GLB,internal-placeholder,,False,placeholder
solar_panel_0993,asset://solar_panel/013,glTF/GLB,internal-placeholder,,False,placeholder
wind_turbine_0994,asset://wind_turbine/013,glTF/GLB,internal-placeholder,,False,placeholder
inverter_0995,asset://inverter/013,glTF/GLB,internal-placeholder,,False,placeholder
generator_0996,asset://generator/013,glTF/GLB,internal-placeholder,,False,placeholder
fuel_cell_0997,asset://fuel_cell/013,glTF/GLB,internal-placeholder,,False,placeholder
charge_controller_0998,asset://charge_controller/013,glTF/GLB,internal-placeholder,,False,placeholder
energy_meter_0999,asset://energy_meter/013,glTF/GLB,internal-placeholder,,False,placeholder
atom_1000,asset://atom/013,glTF/GLB,internal-placeholder,,False,placeholder
