atomic_number,symbol,name,atomic_weight,classification
1,H,Hydrogen,1.008,nonmetal
2,He,Helium,4.0026,noble_gas
3,Li,Lithium,6.94,alkali_metal
4,Be,Beryllium,9.0122,alkaline_earth
5,B,Boron,10.81,metalloid
6,C,Carbon,12.011,nonmetal
7,N,Nitrogen,14.007,nonmetal
8,O,Oxygen,15.999,nonmetal
9,F,Fluorine,18.998,halogen
10,Ne,Neon,20.18,noble_gas
11,Na,Sodium,22.99,alkali_metal
12,Mg,Magnesium,24.305,alkaline_earth
13,Al,Aluminium,26.982,post_transition_metal
14,Si,Silicon,28.085,metalloid
15,P,Phosphorus,30.974,nonmetal
16,S,Sulfur,32.06,nonmetal
17,Cl,Chlorine,35.45,halogen
18,Ar,Argon,39.948,noble_gas
19,K,Potassium,39.098,alkali_metal
20,Ca,Calcium,40.078,alkaline_earth
21,Sc,Scandium,44.956,transition_metal
22,Ti,Titanium,47.867,transition_metal
23,V,Vanadium,50.942,transition_metal
24,Cr,Chromium,51.996,transition_metal
25,Mn,Manganese,54.938,transition_metal
26,Fe,Iron,55.845,transition_metal
27,Co,Cobalt,58.933,transition_metal
28,Ni,Nickel,58.693,transition_metal
29,Cu,Copper,63.546,transition_metal
30,Zn,Zinc,65.38,transition_metal
31,Ga,Gallium,69.723,post_transition_metal
32,Ge,Germanium,72.63,metalloid
33,As,Arsenic,74.922,metalloid
34,Se,Selenium,78.971,nonmetal
35,Br,Bromine,79.904,halogen
36,Kr,Krypton,83.798,noble_gas
37,Rb,Rubidium,85.468,alkali_metal
38,Sr,Strontium,87.62,alkaline_earth
39,Y,Yttrium,88.906,transition_metal
40,Zr,Zirconium,91.224,transition_metal
41,Nb,Niobium,92.906,transition_metal
42,Mo,Molybdenum,95.95,transition_metal
43,Tc,Technetium,98,transition_metal
44,Ru,Ruthenium,101.07,transition_metal
45,Rh,Rhodium,102.91,transition_metal
46,Pd,Palladium,106.42,transition_metal
47,Ag,Silver,107.87,transition_metal
48,Cd,Cadmium,112.41,transition_metal
49,In,Indium,114.82,post_transition_metal
50,Sn,Tin,118.71,post_transition_metal
51,Sb,Antimony,121.76,metalloid
52,Te,Tellurium,127.6,metalloid
53,I,Iodine,126.9,halogen
54,Xe,Xenon,131.29,noble_gas
55,Cs,Caesium,132.91,alkali_metal
56,Ba,Barium,137.33,alkaline_earth
57,La,Lanthanum,138.91,lanthanide
58,Ce,Cerium,140.12,lanthanide
59,Pr,Praseodymium,140.91,lanthanide
60,Nd,Neodymium,144.24,lanthanide
61,Pm,Promethium,145,lanthanide
62,Sm,Samarium,150.36,lanthanide
63,Eu,Europium,151.96,lanthanide
64,Gd,Gadolinium,157.25,lanthanide
65,Tb,Terbium,158.93,lanthanide
66,Dy,Dysprosium,162.5,lanthanide
67,Ho,Holmium,164.93,lanthanide
68,Er,Erbium,167.26,lanthanide
69,Tm,Thulium,168.93,lanthanide
70,Yb,Ytterbium,173.05,lanthanide
71,Lu,Lutetium,174.97,lanthanide
72,Hf,Hafnium,178.49,transition_metal
73,Ta,Tantalum,180.95,transition_metal
74,W,Tungsten,183.84,transition_metal
75,Re,Rhenium,186.21,transition_metal
76,Os,Osmium,190.23,transition_metal
77,Ir,Iridium,192.22,transition_metal
78,Pt,Platinum,195.08,transition_metal
79,Au,Gold,196.97,transition_metal
80,Hg,Mercury,200.59,transition_metal
81,Tl,Thallium,204.38,post_transition_metal
82,Pb,Lead,207.2,post_transition_metal
83,Bi,Bismuth,208.98,post_transition_metal
84,Po,Polonium,209,post_transition_metal
85,At,Astatine,210,halogen
86,Rn,Radon,222,noble_gas
87,Fr,Francium,223,alkali_metal
88,Ra,Radium,226,alkaline_earth
89,Ac,Actinium,227,actinide
90,Th,Thorium,232.04,actinide
91,Pa,Protactinium,231.04,actinide
92,U,Uranium,238.03,actinide
93,Np,Neptunium,237,actinide
94,Pu,Plutonium,244,actinide
95,Am,Americium,243,actinide
96,Cm,Curium,247,actinide
97,Bk,Berkelium,247,actinide
98,Cf,Californium,251,actinide
99,Es,Einsteinium,252,actinide
100,Fm,Fermium,257,actinide
101,Md,Mendelevium,258,actinide
102,No,Nobelium,259,actinide
103,Lr,Lawrencium,262,actinide
104,Rf,Rutherfordium,267,transition_metal
105,Db,Dubnium,268,transition_metal
106,Sg,Seaborgium,269,transition_metal
107,Bh,Bohrium,270,transition_metal
108,Hs,Hassium,277,transition_metal
109,Mt,Meitnerium,278,transition_metal
110,Ds,Darmstadtium,281,transition_metal
111,Rg,Roentgenium,282,transition_metal
112,Cn,Copernicium,285,transition_metal
113,Nh,Nihonium,286,post_transition_metal
114,Fl,Flerovium,289,post_transition_metal
115,Mc,Moscovium,290,post_transition_metal
116,Lv,Livermorium,293,post_transition_metal
117,Ts,Tennessine,294,halogen
118,Og,Oganesson,294,noble_gas
